lon,lat,,,,,
131.71913,33.24483,,,,, 
131.71945,33.24479,,,,, 
131.71943,33.24478,,,,, 
131.71942,33.24476,,,,, 
131.71942,33.24477,,,,, 
131.71943,33.24478,,,,, 
131.71943,33.24473,,,,, 
131.7194,33.24473,,,,, 
131.71942,33.24477,,,,, 
131.71942,33.24477,,,,, 
131.71937,33.2447,,,,, 
131.71936,33.24472,,,,, 
131.7194,33.24473,,,,, 
131.7194,33.24473,,,,, 
131.71931,33.24479,,,,, 
131.71931,33.24479,,,,, 
131.71931,33.24479,,,,, 
131.71931,33.24479,,,,, 
131.71931,33.24479,,,,, 
131.71932,33.24479,,,,, 
131.71932,33.24478,,,,, 
131.71932,33.24478,,,,, 
131.71932,33.24478,,,,, 
131.71932,33.24478,,,,, 
131.71932,33.24478,,,,, 
131.71932,33.24478,,,,, 
131.71937,33.24481,,,,, 
131.71939,33.24484,,,,, 
131.71942,33.24486,,,,, 
131.71946,33.24498,,,,, 
131.71949,33.24503,,,,, 
131.71952,33.24505,,,,, 
131.71952,33.24505,,,,, 
131.71954,33.24508,,,,, 
131.71955,33.24509,,,,, 
131.71957,33.24514,,,,, 
131.71954,33.24515,,,,, 
131.71936,33.24522,,,,, 
131.71929,33.24523,,,,, 
131.71925,33.24525,,,,, 
131.71922,33.24526,,,,, 
131.71914,33.24528,,,,, 
131.7191,33.24529,,,,, 
131.71902,33.24533,,,,, 
131.71894,33.24536,,,,, 
131.7189,33.24538,,,,, 
131.71887,33.2454,,,,, 
131.71882,33.24541,,,,, 
131.71878,33.24543,,,,, 
131.71873,33.24545,,,,, 
131.71868,33.24547,,,,, 
131.71858,33.24551,,,,, 
131.71852,33.24554,,,,, 
131.71847,33.24556,,,,, 
131.71844,33.24558,,,,, 
131.71839,33.24561,,,,, 
131.71838,33.24562,,,,, 
131.71838,33.24564,,,,, 
131.71839,33.2457,,,,, 
131.71841,33.24573,,,,, 
131.71846,33.24578,,,,, 
131.71853,33.2459,,,,, 
131.71873,33.24621,,,,, 
131.71887,33.24642,,,,, 
131.71894,33.24655,,,,, 
131.71899,33.2466,,,,, 
131.719,33.24664,,,,, 
131.71902,33.24666,,,,, 
131.71902,33.24667,,,,, 
131.71902,33.24667,,,,, 
131.71902,33.24667,,,,, 
131.71902,33.24669,,,,, 
131.71903,33.24671,,,,, 
131.71907,33.24674,,,,, 
131.7191,33.24676,,,,, 
131.71914,33.24676,,,,, 
131.71919,33.24675,,,,, 
131.71925,33.24673,,,,, 
131.71931,33.2467,,,,, 
131.71931,33.2467,,,,, 
131.71946,33.24663,,,,, 
131.71955,33.24659,,,,, 
131.71972,33.24651,,,,, 
131.71972,33.24651,,,,, 
131.71981,33.24647,,,,, 
131.7199,33.24642,,,,, 
131.72001,33.24637,,,,, 
131.72001,33.24637,,,,, 
131.72012,33.24631,,,,, 
131.72033,33.24622,,,,, 
131.72055,33.24613,,,,, 
131.72065,33.24608,,,,, 
131.72065,33.24608,,,,, 
131.72087,33.24598,,,,, 
131.72099,33.24593,,,,, 
131.72108,33.24588,,,,, 
131.72117,33.24584,,,,, 
131.72134,33.24583,,,,, 
131.72145,33.24595,,,,, 
131.72151,33.24604,,,,, 
131.72157,33.24613,,,,, 
131.72161,33.24622,,,,, 
131.72166,33.24633,,,,, 
131.72178,33.24652,,,,, 
131.72184,33.24663,,,,, 
131.72192,33.24674,,,,, 
131.72198,33.24685,,,,, 
131.72204,33.24697,,,,, 
131.72204,33.24697,,,,, 
131.72212,33.24708,,,,, 
131.72219,33.24721,,,,, 
131.72229,33.24733,,,,, 
131.72251,33.2477,,,,, 
131.72259,33.24782,,,,, 
131.72267,33.24794,,,,, 
131.72279,33.24816,,,,, 
131.72285,33.24824,,,,, 
131.72288,33.2483,,,,, 
131.72293,33.24836,,,,, 
131.72293,33.24836,,,,, 
131.72291,33.24835,,,,, 
131.72291,33.24835,,,,, 
131.72291,33.24835,,,,, 
131.72291,33.24835,,,,, 
131.72291,33.24835,,,,, 
131.72291,33.24835,,,,, 
131.72291,33.24835,,,,, 
131.72291,33.24835,,,,, 
131.72291,33.24835,,,,, 
131.72291,33.24835,,,,, 
131.72291,33.24835,,,,, 
131.72291,33.24835,,,,, 
131.72291,33.24835,,,,, 
131.72291,33.24835,,,,, 
131.72291,33.24835,,,,, 
131.72291,33.24835,,,,, 
131.72291,33.24835,,,,, 
131.72291,33.24835,,,,, 
131.72291,33.24835,,,,, 
131.72291,33.24835,,,,, 
131.72291,33.24835,,,,, 
131.72291,33.24835,,,,, 
131.72291,33.24835,,,,, 
131.72291,33.24835,,,,, 
131.72291,33.24835,,,,, 
131.72291,33.24835,,,,, 
131.72291,33.24835,,,,, 
131.72291,33.24835,,,,, 
131.72291,33.24835,,,,, 
131.72291,33.24835,,,,, 
131.72291,33.24835,,,,, 
131.72291,33.24835,,,,, 
131.72291,33.24835,,,,, 
131.72291,33.24835,,,,, 
131.72293,33.2484,,,,, 
131.72297,33.24845,,,,, 
131.72299,33.24847,,,,, 
131.72302,33.2485,,,,, 
131.72308,33.24856,,,,, 
131.72311,33.2486,,,,, 
131.72314,33.24863,,,,, 
131.72317,33.24867,,,,, 
131.72319,33.24869,,,,, 
131.7232,33.24871,,,,, 
131.72322,33.24872,,,,, 
131.72323,33.24875,,,,, 
131.72325,33.24877,,,,, 
131.72326,33.24879,,,,, 
131.72326,33.24882,,,,, 
131.72329,33.24885,,,,, 
131.72332,33.2489,,,,, 
131.72335,33.24895,,,,, 
131.72338,33.24901,,,,, 
131.72369,33.2495,,,,, 
131.72373,33.24958,,,,, 
131.72422,33.25034,,,,, 
131.72436,33.25055,,,,, 
131.72456,33.25085,,,,, 
131.72467,33.25102,,,,, 
131.72477,33.25119,,,,, 
131.72483,33.25127,,,,, 
131.72488,33.25135,,,,, 
131.72494,33.25143,,,,, 
131.72499,33.2515,,,,, 
131.72505,33.25157,,,,, 
131.72509,33.25165,,,,, 
131.72518,33.2518,,,,, 
131.72523,33.25186,,,,, 
131.72528,33.25193,,,,, 
131.72531,33.25197,,,,, 
131.72535,33.25203,,,,, 
131.72535,33.25203,,,,, 
131.72535,33.25202,,,,, 
131.72535,33.25202,,,,, 
131.72535,33.25202,,,,, 
131.72535,33.25202,,,,, 
131.72535,33.25202,,,,, 
131.72538,33.25208,,,,, 
131.72538,33.25208,,,,, 
131.72543,33.25212,,,,, 
131.72554,33.2522,,,,, 
131.72572,33.2522,,,,, 
131.72712,33.25151,,,,, 
131.72726,33.25143,,,,, 
131.72775,33.25119,,,,, 
131.72792,33.25108,,,,, 
131.72843,33.25081,,,,, 
131.72863,33.25072,,,,, 
131.72882,33.25062,,,,, 
131.72901,33.25054,,,,, 
131.72938,33.25034,,,,, 
131.72956,33.25024,,,,, 
131.73014,33.24992,,,,, 
131.73075,33.24959,,,,, 
131.73098,33.24949,,,,, 
131.73118,33.24937,,,,, 
131.73118,33.24937,,,,, 
131.73141,33.24925,,,,, 
131.73164,33.24914,,,,, 
131.73184,33.24901,,,,, 
131.73205,33.2489,,,,, 
131.73226,33.24878,,,,, 
131.73248,33.24866,,,,, 
131.73271,33.24854,,,,, 
131.73294,33.24842,,,,, 
131.73316,33.24831,,,,, 
131.73362,33.24807,,,,, 
131.73385,33.24795,,,,, 
131.73478,33.24746,,,,, 
131.73526,33.24722,,,,, 
131.7355,33.2471,,,,, 
131.736,33.24689,,,,, 
131.736,33.24689,,,,, 
131.73626,33.24679,,,,, 
131.73678,33.24659,,,,, 
131.73706,33.24649,,,,, 
131.73731,33.2464,,,,, 
131.73783,33.2462,,,,, 
131.73809,33.2461,,,,, 
131.73835,33.24601,,,,, 
131.73884,33.24583,,,,, 
131.73908,33.24573,,,,, 
131.73931,33.24565,,,,, 
131.73956,33.24556,,,,, 
131.74002,33.24539,,,,, 
131.74024,33.24531,,,,, 
131.74047,33.24522,,,,, 
131.74069,33.24514,,,,, 
131.74111,33.24497,,,,, 
131.74134,33.24489,,,,, 
131.74156,33.24481,,,,, 
131.74177,33.24473,,,,, 
131.74218,33.24457,,,,, 
131.7424,33.24449,,,,, 
131.74261,33.24441,,,,, 
131.74282,33.24433,,,,, 
131.74304,33.24426,,,,, 
131.74325,33.24418,,,,, 
131.74345,33.2441,,,,, 
131.74366,33.24402,,,,, 
131.74386,33.24395,,,,, 
131.74407,33.24388,,,,, 
131.74427,33.2438,,,,, 
131.74447,33.24372,,,,, 
131.74468,33.24364,,,,, 
131.7449,33.24357,,,,, 
131.7451,33.24349,,,,, 
131.74551,33.24333,,,,, 
131.74613,33.2431,,,,, 
131.74635,33.24302,,,,, 
131.74656,33.24295,,,,, 
131.74676,33.24287,,,,, 
131.7472,33.24271,,,,, 
131.74742,33.24264,,,,, 
131.74786,33.2425,,,,, 
131.74829,33.24234,,,,, 
131.74851,33.24225,,,,, 
131.74873,33.24218,,,,, 
131.74873,33.24218,,,,, 
131.74896,33.2421,,,,, 
131.74919,33.24202,,,,, 
131.74964,33.24187,,,,, 
131.74989,33.24179,,,,, 
131.75036,33.24164,,,,, 
131.75061,33.24157,,,,, 
131.75108,33.24143,,,,, 
131.75132,33.24137,,,,, 
131.7518,33.24125,,,,, 
131.75202,33.24119,,,,, 
131.75225,33.24114,,,,, 
131.75405,33.24074,,,,, 
131.75424,33.24071,,,,, 
131.7544,33.24068,,,,, 
131.75494,33.24058,,,,, 
131.75512,33.24055,,,,, 
131.75532,33.24052,,,,, 
131.7555,33.24049,,,,, 
131.7557,33.24046,,,,, 
131.7559,33.24044,,,,, 
131.7563,33.24038,,,,, 
131.75671,33.24032,,,,, 
131.75712,33.24027,,,,, 
131.75755,33.24021,,,,, 
131.75775,33.24019,,,,, 
131.75796,33.24016,,,,, 
131.75816,33.24015,,,,, 
131.75872,33.24008,,,,, 
131.75891,33.24007,,,,, 
131.75918,33.24005,,,,, 
131.75929,33.24004,,,,, 
131.75929,33.24004,,,,, 
131.75936,33.24004,,,,, 
131.75942,33.24003,,,,, 
131.75946,33.24003,,,,, 
131.75946,33.24004,,,,, 
131.75946,33.24004,,,,, 
131.75946,33.24004,,,,, 
131.75946,33.24004,,,,, 
131.75946,33.24004,,,,, 
131.75946,33.24004,,,,, 
131.75946,33.24004,,,,, 
131.75946,33.24004,,,,, 
131.75946,33.24004,,,,, 
131.75946,33.24004,,,,, 
131.75946,33.24004,,,,, 
131.75946,33.24004,,,,, 
131.75946,33.24004,,,,, 
131.7595,33.24003,,,,, 
131.75956,33.24003,,,,, 
131.75964,33.24002,,,,, 
131.75975,33.24002,,,,, 
131.75985,33.24001,,,,, 
131.76028,33.24,,,,, 
131.76045,33.24,,,,, 
131.76062,33.23999,,,,, 
131.76138,33.23999,,,,, 
131.76138,33.23999,,,,, 
131.76316,33.24005,,,,, 
131.76341,33.24005,,,,, 
131.76367,33.24007,,,,, 
131.76393,33.24008,,,,, 
131.7647,33.24011,,,,, 
131.76496,33.24012,,,,, 
131.76524,33.24013,,,,, 
131.7655,33.24015,,,,, 
131.76576,33.24016,,,,, 
131.76576,33.24016,,,,, 
131.76603,33.24017,,,,, 
131.76737,33.24024,,,,, 
131.76763,33.24025,,,,, 
131.76843,33.24028,,,,, 
131.76896,33.24032,,,,, 
131.76922,33.24034,,,,, 
131.76948,33.24038,,,,, 
131.76972,33.24042,,,,, 
131.76995,33.24048,,,,, 
131.77018,33.24054,,,,, 
131.77018,33.24054,,,,, 
131.7704,33.24059,,,,, 
131.77061,33.24065,,,,, 
131.77081,33.2407,,,,, 
131.77101,33.24076,,,,, 
131.7712,33.24082,,,,, 
131.77139,33.24088,,,,, 
131.77157,33.24095,,,,, 
131.77209,33.24116,,,,, 
131.77244,33.2413,,,,, 
131.77261,33.24137,,,,, 
131.77278,33.24145,,,,, 
131.77311,33.2416,,,,, 
131.77343,33.24174,,,,, 
131.77359,33.24182,,,,, 
131.77375,33.24189,,,,, 
131.77392,33.24198,,,,, 
131.77424,33.24213,,,,, 
131.77458,33.24229,,,,, 
131.77508,33.24253,,,,, 
131.7754,33.24268,,,,, 
131.77572,33.24283,,,,, 
131.77587,33.24291,,,,, 
131.77587,33.24291,,,,, 
131.77603,33.24298,,,,, 
131.77636,33.24314,,,,, 
131.77644,33.24316,,,,, 
131.77644,33.24316,,,,, 
131.77659,33.24302,,,,, 
131.77656,33.24282,,,,, 
131.77648,33.24259,,,,, 
131.77645,33.24251,,,,, 
131.7763,33.24234,,,,, 
131.77626,33.24229,,,,, 
131.77621,33.24224,,,,, 
131.77621,33.24224,,,,, 
131.7761,33.24215,,,,, 
131.77607,33.24211,,,,, 
131.776,33.24205,,,,, 
131.77578,33.24187,,,,, 
131.77583,33.24172,,,,, 
131.77586,33.24163,,,,, 
131.77589,33.24153,,,,, 
131.77587,33.24143,,,,, 
131.77584,33.2414,,,,, 
131.77577,33.24135,,,,, 
131.77572,33.24132,,,,, 
131.77568,33.2413,,,,, 
131.77565,33.24127,,,,, 
131.77565,33.24108,,,,, 
131.77578,33.24068,,,,, 
131.77583,33.24062,,,,, 
131.77593,33.24053,,,,, 
131.776,33.2405,,,,, 
131.77604,33.24047,,,,, 
131.77615,33.24045,,,,, 
131.77615,33.24045,,,,, 
131.77621,33.24046,,,,, 
131.77635,33.24057,,,,, 
131.77639,33.24062,,,,, 
131.77662,33.24073,,,,, 
131.77671,33.24076,,,,, 
131.77694,33.24084,,,,, 
131.77699,33.24083,,,,, 
131.77703,33.24081,,,,, 
131.77708,33.24077,,,,, 
131.77708,33.24077,,,,, 
131.77714,33.24065,,,,, 
131.77726,33.24046,,,,, 
131.77731,33.2404,,,,, 
131.7774,33.24026,,,,, 
131.77743,33.24007,,,,, 
131.77745,33.23997,,,,, 
131.77745,33.23997,,,,, 
131.77748,33.23978,,,,, 
131.77749,33.23968,,,,, 
131.77751,33.23944,,,,, 
131.77751,33.23944,,,,, 
131.77748,33.23938,,,,, 
131.77743,33.23934,,,,, 
131.77738,33.23932,,,,, 
131.77737,33.23926,,,,, 
131.77737,33.23926,,,,, 
131.77745,33.23916,,,,, 
131.77749,33.23911,,,,, 
131.77752,33.23905,,,,, 
131.77769,33.23889,,,,, 
131.77793,33.23879,,,,, 
131.77793,33.23879,,,,, 
131.77804,33.23876,,,,, 
131.77824,33.2387,,,,, 
131.77835,33.23867,,,,, 
131.77844,33.23865,,,,, 
131.77861,33.23863,,,,, 
131.77876,33.23866,,,,, 
131.77883,33.23868,,,,, 
131.77883,33.23868,,,,, 
131.77897,33.23873,,,,, 
131.77899,33.23874,,,,, 
131.77923,33.2388,,,,, 
131.77932,33.23882,,,,, 
131.77943,33.23884,,,,, 
131.78077,33.23897,,,,, 
131.78082,33.23897,,,,, 
131.78099,33.23892,,,,, 
131.78115,33.23895,,,,, 
131.78128,33.23896,,,,, 
131.78146,33.23896,,,,, 
131.78163,33.23896,,,,, 
131.7817,33.23894,,,,, 
131.78219,33.239,,,,, 
131.78219,33.239,,,,, 
131.78259,33.239,,,,, 
131.78271,33.239,,,,, 
131.7828,33.23904,,,,, 
131.78312,33.23913,,,,, 
131.78332,33.23916,,,,, 
131.78485,33.23946,,,,, 
131.78521,33.23944,,,,, 
131.78578,33.23943,,,,, 
131.7863,33.23949,,,,, 
131.78666,33.23953,,,,, 
131.78721,33.23959,,,,, 
131.78739,33.23961,,,,, 
131.78758,33.23963,,,,, 
131.78794,33.23967,,,,, 
131.78848,33.23973,,,,, 
131.78884,33.23978,,,,, 
131.78921,33.23981,,,,, 
131.78973,33.23988,,,,, 
131.78991,33.2399,,,,, 
131.78991,33.2399,,,,, 
131.79008,33.23992,,,,, 
131.7906,33.23997,,,,, 
131.7906,33.23997,,,,, 
131.79159,33.2399,,,,, 
131.79194,33.23983,,,,, 
131.7928,33.23966,,,,, 
131.79315,33.23959,,,,, 
131.79315,33.23959,,,,, 
131.79368,33.23949,,,,, 
131.79403,33.23942,,,,, 
131.79403,33.23942,,,,, 
131.79437,33.23935,,,,, 
131.79455,33.23931,,,,, 
131.79473,33.23928,,,,, 
131.79508,33.23921,,,,, 
131.79542,33.23913,,,,, 
131.79609,33.23896,,,,, 
131.79624,33.23891,,,,, 
131.7964,33.23885,,,,, 
131.79655,33.23879,,,,, 
131.79655,33.23879,,,,, 
131.79702,33.2386,,,,, 
131.79785,33.23833,,,,, 
131.79838,33.23833,,,,, 
131.79873,33.23841,,,,, 
131.7989,33.23847,,,,, 
131.79905,33.23854,,,,, 
131.79922,33.23862,,,,, 
131.79937,33.23869,,,,, 
131.79971,33.23886,,,,, 
131.8002,33.23911,,,,, 
131.80055,33.2393,,,,, 
131.80107,33.23955,,,,, 
131.80152,33.23978,,,,, 
131.8018,33.24,,,,, 
131.80192,33.24013,,,,, 
131.80204,33.24027,,,,, 
131.80255,33.24085,,,,, 
131.8027,33.24097,,,,, 
131.80303,33.24116,,,,, 
131.80323,33.24122,,,,, 
131.80345,33.24126,,,,, 
131.80366,33.24128,,,,, 
131.80387,33.24131,,,,, 
131.80409,33.24133,,,,, 
131.80453,33.24138,,,,, 
131.80497,33.24143,,,,, 
131.80583,33.24153,,,,, 
131.80625,33.24157,,,,, 
131.80725,33.24166,,,,, 
131.80743,33.24168,,,,, 
131.80776,33.24176,,,,, 
131.80809,33.24187,,,,, 
131.80824,33.24195,,,,, 
131.80853,33.24214,,,,, 
131.80868,33.24223,,,,, 
131.80882,33.24232,,,,, 
131.80897,33.24241,,,,, 
131.80946,33.24263,,,,, 
131.80963,33.24269,,,,, 
131.80963,33.24269,,,,, 
131.80979,33.24274,,,,, 
131.80979,33.24274,,,,, 
131.80998,33.2428,,,,, 
131.81016,33.24287,,,,, 
131.81034,33.24293,,,,, 
131.81054,33.243,,,,, 
131.81112,33.24319,,,,, 
131.81112,33.24319,,,,, 
131.81172,33.24338,,,,, 
131.81172,33.24338,,,,, 
131.81301,33.24394,,,,, 
131.8132,33.24403,,,,, 
131.81336,33.24411,,,,, 
131.81355,33.24419,,,,, 
131.81355,33.24419,,,,, 
131.81375,33.24426,,,,, 
131.81375,33.24426,,,,, 
131.81394,33.24431,,,,, 
131.81414,33.24438,,,,, 
131.81436,33.24444,,,,, 
131.81455,33.2445,,,,, 
131.81475,33.24456,,,,, 
131.81495,33.24461,,,,, 
131.81495,33.24461,,,,, 
131.81515,33.24467,,,,, 
131.81555,33.24476,,,,, 
131.81575,33.2448,,,,, 
131.81658,33.24491,,,,, 
131.817,33.24501,,,,, 
131.81814,33.24543,,,,, 
131.81889,33.24558,,,,, 
131.81907,33.24555,,,,, 
131.81907,33.24555,,,,, 
131.81925,33.24552,,,,, 
131.82012,33.24565,,,,, 
131.82098,33.2459,,,,, 
131.82135,33.24592,,,,, 
131.82153,33.24593,,,,, 
131.82189,33.24596,,,,, 
131.82209,33.24597,,,,, 
131.82244,33.246,,,,, 
131.82263,33.24604,,,,, 
131.82295,33.24614,,,,, 
131.82353,33.2464,,,,, 
131.82365,33.24646,,,,, 
131.82391,33.24656,,,,, 
131.82403,33.24658,,,,, 
131.82415,33.24659,,,,, 
131.82426,33.24658,,,,, 
131.82449,33.24651,,,,, 
131.82502,33.24633,,,,, 
131.82513,33.2463,,,,, 
131.82524,33.24628,,,,, 
131.82559,33.2463,,,,, 
131.82571,33.24633,,,,, 
131.82595,33.24641,,,,, 
131.82606,33.24647,,,,, 
131.82661,33.24678,,,,, 
131.82684,33.24685,,,,, 
131.82826,33.24689,,,,, 
131.82859,33.24702,,,,, 
131.8287,33.24706,,,,, 
131.82879,33.24711,,,,, 
131.8289,33.24716,,,,, 
131.82901,33.2472,,,,, 
131.82913,33.24725,,,,, 
131.82951,33.2474,,,,, 
131.82965,33.24746,,,,, 
131.82978,33.24752,,,,, 
131.83006,33.24764,,,,, 
131.83021,33.2477,,,,, 
131.83088,33.24794,,,,, 
131.83105,33.24799,,,,, 
131.83137,33.24805,,,,, 
131.83151,33.24806,,,,, 
131.83164,33.24805,,,,, 
131.83177,33.248,,,,, 
131.83198,33.24784,,,,, 
131.83213,33.24763,,,,, 
131.83224,33.24741,,,,, 
131.83224,33.24741,,,,, 
131.8323,33.24732,,,,, 
131.83268,33.24708,,,,, 
131.83282,33.24705,,,,, 
131.83296,33.24704,,,,, 
131.83338,33.24699,,,,, 
131.83352,33.24697,,,,, 
131.83367,33.24697,,,,, 
131.83383,33.24697,,,,, 
131.83413,33.24698,,,,, 
131.8343,33.247,,,,, 
131.83447,33.24701,,,,, 
131.83464,33.24702,,,,, 
131.83482,33.24703,,,,, 
131.83499,33.24704,,,,, 
131.83552,33.24707,,,,, 
131.83569,33.24709,,,,, 
131.83602,33.24715,,,,, 
131.83648,33.2472,,,,, 
131.83694,33.24724,,,,, 
131.83917,33.2482,,,,, 
131.83929,33.24817,,,,, 
131.83959,33.24804,,,,, 
131.84054,33.24811,,,,, 
131.84069,33.24817,,,,, 
131.84085,33.24823,,,,, 
131.841,33.24828,,,,, 
131.84115,33.24834,,,,, 
131.84225,33.24891,,,,, 
131.8424,33.24901,,,,, 
131.84252,33.24912,,,,, 
131.84268,33.24922,,,,, 
131.84297,33.24943,,,,, 
131.84342,33.24974,,,,, 
131.84359,33.24984,,,,, 
131.84407,33.25013,,,,, 
131.84422,33.25022,,,,, 
131.84469,33.25051,,,,, 
131.84486,33.25061,,,,, 
131.84501,33.2507,,,,, 
131.84533,33.2509,,,,, 
131.84548,33.25099,,,,, 
131.84605,33.25115,,,,, 
131.84681,33.25117,,,,, 
131.84703,33.25124,,,,, 
131.84724,33.25131,,,,, 
131.84745,33.25139,,,,, 
131.84765,33.25146,,,,, 
131.84786,33.25152,,,,, 
131.84828,33.25164,,,,, 
131.84849,33.25168,,,,, 
131.84872,33.25173,,,,, 
131.84895,33.25176,,,,, 
131.84942,33.2518,,,,, 
131.85009,33.25182,,,,, 
131.85052,33.2518,,,,, 
131.85139,33.25175,,,,, 
131.85182,33.25173,,,,, 
131.85226,33.25169,,,,, 
131.85247,33.25167,,,,, 
131.85269,33.25165,,,,, 
131.85313,33.25162,,,,, 
131.85357,33.25159,,,,, 
131.8538,33.25157,,,,, 
131.85426,33.25154,,,,, 
131.85447,33.25152,,,,, 
131.86343,33.2501,,,,, 
131.86351,33.25003,,,,, 
131.86351,33.25003,,,,, 
131.86357,33.25001,,,,, 
131.86373,33.24993,,,,, 
131.86384,33.24986,,,,, 
131.8639,33.24982,,,,, 
131.86405,33.24969,,,,, 
131.86412,33.24964,,,,, 
131.86412,33.24964,,,,, 
131.86425,33.24954,,,,, 
131.86453,33.24935,,,,, 
131.8646,33.2493,,,,, 
131.86488,33.24915,,,,, 
131.85,33.24905,,,,, 
131.86518,33.24901,,,,, 
131.86543,33.24893,,,,, 
131.86555,33.24889,,,,, 
131.86579,33.24882,,,,, 
131.86604,33.24877,,,,, 
131.86616,33.24876,,,,, 
131.86628,33.24876,,,,, 
131.86653,33.24874,,,,, 
131.86665,33.24874,,,,, 
131.86701,33.24872,,,,, 
131.86727,33.2487,,,,, 
131.86753,33.24868,,,,, 
131.86779,33.24865,,,,, 
131.86793,33.24864,,,,, 
131.8682,33.2486,,,,, 
131.86834,33.24859,,,,, 
131.86875,33.24855,,,,, 
131.86904,33.24852,,,,, 
131.86904,33.24852,,,,, 
131.86933,33.2485,,,,, 
131.86949,33.24849,,,,, 
131.86962,33.24848,,,,, 
131.86978,33.24847,,,,, 
131.87007,33.24844,,,,, 
131.8702,33.24844,,,,, 
131.87033,33.24843,,,,, 
131.87045,33.24843,,,,, 
131.87078,33.2484,,,,, 
131.871,33.24837,,,,, 
131.8711,33.24837,,,,, 
131.87127,33.24839,,,,, 
131.87141,33.24847,,,,, 
131.87156,33.24862,,,,, 
131.87164,33.24866,,,,, 
131.87216,33.24863,,,,, 
131.87242,33.24859,,,,, 
131.87228,33.24861,,,,, 
131.873,33.24851,,,,, 
131.87356,33.24845,,,,, 
131.8738,33.24845,,,,, 
131.87393,33.24847,,,,, 
131.87403,33.24851,,,,, 
131.87446,33.24888,,,,, 
131.87463,33.24905,,,,, 
131.8749,33.24932,,,,, 
131.8749,33.24932,,,,, 
131.87498,33.24942,,,,, 
131.8751,33.24963,,,,, 
131.87516,33.24974,,,,, 
131.87528,33.24997,,,,, 
131.87535,33.25009,,,,, 
131.87541,33.25022,,,,, 
131.87547,33.25035,,,,, 
131.87562,33.25075,,,,, 
131.87568,33.25088,,,,, 
131.87574,33.25101,,,,, 
131.8759,33.25138,,,,, 
131.87591,33.25141,,,,, 
131.87606,33.25147,,,,, 
131.87614,33.25146,,,,, 
131.87622,33.25145,,,,, 
131.87686,33.2514,,,,, 
131.8771,33.25138,,,,, 
131.87788,33.25138,,,,, 
131.878,33.25139,,,,, 
131.87814,33.25141,,,,, 
131.87857,33.25155,,,,, 
131.87867,33.25168,,,,, 
131.87872,33.25175,,,,, 
131.87878,33.25182,,,,, 
131.87886,33.25188,,,,, 
131.8789,33.25194,,,,, 
131.87896,33.252,,,,, 
131.87918,33.25226,,,,, 
131.87925,33.25233,,,,, 
131.87934,33.25239,,,,, 
131.87942,33.25246,,,,, 
131.87951,33.25252,,,,, 
131.87959,33.25257,,,,, 
131.87966,33.25262,,,,, 
131.87973,33.25265,,,,, 
131.87998,33.25263,,,,, 
131.88006,33.2526,,,,, 
131.88014,33.25257,,,,, 
131.88031,33.25248,,,,, 
131.8804,33.25243,,,,, 
131.8809,33.2522,,,,, 
131.88157,33.25175,,,,, 
131.88175,33.25128,,,,, 
131.88179,33.25124,,,,, 
131.88188,33.25129,,,,, 
131.88189,33.25135,,,,, 
131.882,33.25158,,,,, 
131.88256,33.25156,,,,, 
131.88264,33.2515,,,,, 
131.88275,33.25125,,,,, 
131.88279,33.25118,,,,, 
131.88284,33.25112,,,,, 
131.8829,33.251,,,,, 
131.88288,33.25093,,,,, 
131.88284,33.2509,,,,, 
131.88276,33.2509,,,,, 
131.8827,33.25091,,,,, 
131.88262,33.25094,,,,, 
131.88256,33.25099,,,,, 
131.8824,33.25104,,,,, 
131.8823,33.25102,,,,, 
131.88224,33.251,,,,, 
131.88209,33.25082,,,,, 
131.88209,33.25082,,,,, 
131.88204,33.25075,,,,, 
131.88191,33.25063,,,,, 
131.88183,33.25059,,,,, 
131.88172,33.25057,,,,, 
131.88162,33.25035,,,,, 
131.88179,33.25033,,,,, 
131.88203,33.2504,,,,, 
131.88203,33.2504,,,,, 
131.88233,33.25047,,,,, 
131.88244,33.25048,,,,, 
131.88264,33.25046,,,,, 
131.88284,33.2504,,,,, 
131.88304,33.25031,,,,, 
131.88331,33.25022,,,,, 
131.88342,33.25021,,,,, 
131.88368,33.25022,,,,, 
131.88392,33.25025,,,,, 
131.88403,33.25025,,,,, 
131.88412,33.25028,,,,, 
131.88418,33.25032,,,,, 
131.88424,33.25037,,,,, 
131.88435,33.25047,,,,, 
131.88441,33.25055,,,,, 
131.88447,33.25062,,,,, 
131.88453,33.25067,,,,, 
131.88461,33.25073,,,,, 
131.88468,33.25078,,,,, 
131.88493,33.25091,,,,, 
131.885,33.25095,,,,, 
131.88517,33.25107,,,,, 
131.88523,33.25114,,,,, 
131.88545,33.25131,,,,, 
131.88551,33.25142,,,,, 
131.88546,33.25161,,,,, 
131.88543,33.25179,,,,, 
131.88537,33.25207,,,,, 
131.88537,33.25215,,,,, 
131.88537,33.25215,,,,, 
131.8854,33.2523,,,,, 
131.88545,33.25235,,,,, 
131.88565,33.25247,,,,, 
131.88578,33.25251,,,,, 
131.88586,33.25251,,,,, 
131.88595,33.25251,,,,, 
131.88603,33.25252,,,,, 
131.88619,33.25256,,,,, 
131.88655,33.25258,,,,, 
131.88682,33.25264,,,,, 
131.8871,33.25296,,,,, 
131.88713,33.25304,,,,, 
131.88723,33.25317,,,,, 
131.88729,33.25323,,,,, 
131.88737,33.25329,,,,, 
131.88746,33.25335,,,,, 
131.88803,33.25356,,,,, 
131.88813,33.25356,,,,, 
131.88824,33.25356,,,,, 
131.88845,33.25359,,,,, 
131.88856,33.2536,,,,, 
131.88868,33.25362,,,,, 
131.88891,33.25362,,,,, 
131.88891,33.25362,,,,, 
131.88902,33.25363,,,,, 
131.88911,33.25366,,,,, 
131.88917,33.2537,,,,, 
131.88934,33.25386,,,,, 
131.88938,33.25392,,,,, 
131.88951,33.25422,,,,, 
131.88954,33.25435,,,,, 
131.88958,33.25448,,,,, 
131.88964,33.25453,,,,, 
131.8897,33.25457,,,,, 
131.88978,33.25461,,,,, 
131.88995,33.25469,,,,, 
131.89004,33.25473,,,,, 
131.89012,33.25479,,,,, 
131.89018,33.25485,,,,, 
131.89024,33.25492,,,,, 
131.89028,33.255,,,,, 
131.89033,33.25509,,,,, 
131.89036,33.25517,,,,, 
131.89038,33.25526,,,,, 
131.89044,33.25569,,,,, 
131.89041,33.25586,,,,, 
131.89039,33.25595,,,,, 
131.89038,33.25603,,,,, 
131.89042,33.25627,,,,, 
131.89047,33.25634,,,,, 
131.89048,33.25642,,,,, 
131.89051,33.25651,,,,, 
131.89054,33.25696,,,,, 
131.89051,33.25714,,,,, 
131.89044,33.25734,,,,, 
131.89039,33.25741,,,,, 
131.89022,33.25762,,,,, 
131.89006,33.25769,,,,, 
131.88984,33.25774,,,,, 
131.88973,33.25777,,,,, 
131.88963,33.2578,,,,, 
131.88955,33.25784,,,,, 
131.88935,33.25805,,,,, 
131.88916,33.25836,,,,, 
131.88909,33.25843,,,,, 
131.88862,33.25852,,,,, 
131.88851,33.25855,,,,, 
131.88844,33.2586,,,,, 
131.88832,33.25874,,,,, 
131.88829,33.25885,,,,, 
131.8885,33.25928,,,,, 
131.88861,33.25934,,,,, 
131.88883,33.25934,,,,, 
131.88893,33.25934,,,,, 
131.88911,33.25938,,,,, 
131.88928,33.25946,,,,, 
131.88946,33.25965,,,,, 
131.88951,33.2597,,,,, 
131.88955,33.25975,,,,, 
131.8896,33.25979,,,,, 
131.88967,33.25984,,,,, 
131.88983,33.25992,,,,, 
131.8899,33.25996,,,,, 
131.88998,33.26002,,,,, 
131.8901,33.26024,,,,, 
131.89015,33.26032,,,,, 
131.89021,33.26039,,,,, 
131.89027,33.26046,,,,, 
131.89042,33.26057,,,,, 
131.89065,33.26057,,,,, 
131.89076,33.26055,,,,, 
131.89097,33.26049,,,,, 
131.89108,33.26047,,,,, 
131.89115,33.26047,,,,, 
131.89131,33.26047,,,,, 
131.89147,33.26049,,,,, 
131.89157,33.26051,,,,, 
131.89175,33.26056,,,,, 
131.89184,33.26061,,,,, 
131.8923,33.26104,,,,, 
131.89237,33.26144,,,,, 
131.89237,33.26162,,,,, 
131.89237,33.2617,,,,, 
131.89236,33.26187,,,,, 
131.89237,33.26195,,,,, 
131.89239,33.26203,,,,, 
131.89254,33.26222,,,,, 
131.89271,33.26243,,,,, 
131.89286,33.2626,,,,, 
131.89306,33.26268,,,,, 
131.88333,33.2627,,,,, 
131.89329,33.26272,,,,, 
131.89343,33.26274,,,,, 
131.89356,33.26278,,,,, 
131.89399,33.26285,,,,, 
131.89413,33.26289,,,,, 
131.89425,33.26293,,,,, 
131.8945,33.26303,,,,, 
131.89462,33.26309,,,,, 
131.89498,33.26316,,,,, 
131.89514,33.26319,,,,, 
131.89529,33.26321,,,,, 
131.89558,33.26324,,,,, 
131.89625,33.2635,,,,, 
131.89639,33.26357,,,,, 
131.89665,33.26371,,,,, 
131.89732,33.26398,,,,, 
131.89744,33.26401,,,,, 
131.89772,33.26404,,,,, 
131.89822,33.26387,,,,, 
131.89834,33.26382,,,,, 
131.89843,33.26378,,,,, 
131.89857,33.26372,,,,, 
131.89866,33.26371,,,,, 
131.89869,33.26371,,,,, 
131.89869,33.26371,,,,, 
131.89871,33.26371,,,,, 
131.89869,33.26371,,,,, 
131.89871,33.26371,,,,, 
131.89872,33.26366,,,,, 
131.89872,33.26366,,,,, 
131.89872,33.26366,,,,, 
131.89872,33.26366,,,,, 
131.89872,33.26366,,,,, 
131.89872,33.26365,,,,, 
131.89848,33.26373,,,,, 
131.8984,33.26376,,,,, 
131.89819,33.26383,,,,, 
131.89804,33.26388,,,,, 
131.89788,33.26395,,,,, 
131.89762,33.26403,,,,, 
131.89755,33.26403,,,,, 
131.89746,33.26403,,,,, 
131.89739,33.26402,,,,, 
131.89727,33.264,,,,, 
131.89721,33.26399,,,,, 
131.89715,33.26398,,,,, 
131.89709,33.26397,,,,, 
131.89703,33.26396,,,,, 
131.89697,33.26395,,,,, 
131.89691,33.26392,,,,, 
131.89675,33.26386,,,,, 
131.89668,33.26382,,,,, 
131.89645,33.26369,,,,, 
131.89637,33.26365,,,,, 
131.89613,33.26352,,,,, 
131.89585,33.2634,,,,, 
131.89564,33.26334,,,,, 
131.89541,33.2633,,,,, 
131.89529,33.26329,,,,, 
131.89506,33.26327,,,,, 
131.89494,33.26326,,,,, 
131.89483,33.26326,,,,, 
131.89474,33.26325,,,,, 
131.89465,33.26323,,,,, 
131.89457,33.26321,,,,, 
131.89433,33.2631,,,,, 
131.89424,33.26306,,,,, 
131.89413,33.26303,,,,, 
131.89393,33.26298,,,,, 
131.89361,33.26293,,,,, 
131.8935,33.2629,,,,, 
131.89329,33.26283,,,,, 
131.89318,33.26282,,,,, 
131.893,33.26279,,,,, 
131.893,33.26279,,,,, 
131.89292,33.26277,,,,, 
131.89271,33.26264,,,,, 
131.89257,33.26251,,,,, 
131.89248,33.2624,,,,, 
131.89244,33.26236,,,,, 
131.89241,33.26231,,,,, 
131.89234,33.2622,,,,, 
131.89233,33.26199,,,,, 
131.89234,33.26175,,,,, 
131.89234,33.26166,,,,, 
131.89224,33.26131,,,,, 
131.89222,33.26115,,,,, 
131.89222,33.26115,,,,, 
131.89212,33.26095,,,,, 
131.89196,33.26086,,,,, 
131.89183,33.26079,,,,, 
131.89144,33.26065,,,,, 
131.89132,33.26061,,,,, 
131.89118,33.26059,,,,, 
131.89079,33.26063,,,,, 
131.89056,33.26067,,,,, 
131.8905,33.26066,,,,, 
131.89038,33.26063,,,,, 
131.89031,33.2606,,,,, 
131.89027,33.26055,,,,, 
131.89016,33.26044,,,,, 
131.89012,33.26038,,,,, 
131.89009,33.26031,,,,, 
131.88995,33.26012,,,,, 
131.88989,33.26008,,,,, 
131.88981,33.26004,,,,, 
131.88975,33.26002,,,,, 
131.88969,33.26,,,,, 
131.88969,33.26,,,,, 
131.88954,33.25989,,,,, 
131.889,33.25989,,,,, 
131.88951,33.25986,,,,, 
131.88948,33.25981,,,,, 
131.88943,33.25976,,,,, 
131.88938,33.25972,,,,, 
131.88916,33.25955,,,,, 
131.88908,33.25951,,,,, 
131.88893,33.25947,,,,, 
131.88879,33.25946,,,,, 
131.88865,33.25947,,,,, 
131.88848,33.25939,,,,, 
131.88841,33.25928,,,,, 
131.88832,33.259,,,,, 
131.88836,33.2588,,,,, 
131.88853,33.25868,,,,, 
131.88861,33.25866,,,,, 
131.88896,33.25864,,,,, 
131.88903,33.25858,,,,, 
131.88903,33.25858,,,,, 
131.88909,33.25849,,,,, 
131.88919,33.25839,,,,, 
131.88923,33.25833,,,,, 
131.88928,33.25828,,,,, 
131.88935,33.25817,,,,, 
131.88938,33.25812,,,,, 
131.88945,33.25804,,,,, 
131.88951,33.25801,,,,, 
131.88961,33.25796,,,,, 
131.88972,33.25794,,,,, 
131.88981,33.25791,,,,, 
131.88986,33.25791,,,,, 
131.88992,33.2579,,,,, 
131.88996,33.25788,,,,, 
131.89001,33.25785,,,,, 
131.89006,33.25782,,,,, 
131.8901,33.25778,,,,, 
131.89012,33.25773,,,,, 
131.89015,33.25767,,,,, 
131.89018,33.25761,,,,, 
131.89019,33.25755,,,,, 
131.89024,33.25708,,,,, 
131.89025,33.25689,,,,, 
131.89027,33.25682,,,,, 
131.89027,33.25672,,,,, 
131.89025,33.25656,,,,, 
131.89024,33.25649,,,,, 
131.89019,33.25635,,,,, 
131.89018,33.25629,,,,, 
131.89018,33.25616,,,,, 
131.89018,33.25603,,,,, 
131.89018,33.25597,,,,, 
131.89018,33.2559,,,,, 
131.89019,33.25582,,,,, 
131.89021,33.25574,,,,, 
131.89021,33.25566,,,,, 
131.89022,33.25558,,,,, 
131.89021,33.25526,,,,, 
131.89016,33.25506,,,,, 
131.89012,33.25499,,,,, 
131.88998,33.25482,,,,, 
131.88992,33.25478,,,,, 
131.88986,33.25474,,,,, 
131.88967,33.25466,,,,, 
131.88952,33.25454,,,,, 
131.88952,33.25454,,,,, 
131.88948,33.25435,,,,, 
131.88946,33.25424,,,,, 
131.88945,33.25417,,,,, 
131.88943,33.25411,,,,, 
131.88928,33.25386,,,,, 
131.88923,33.2538,,,,, 
131.88911,33.25366,,,,, 
131.88899,33.25362,,,,, 
131.88876,33.2536,,,,, 
131.88867,33.25359,,,,, 
131.88847,33.25359,,,,, 
131.88841,33.25358,,,,, 
131.88835,33.25357,,,,, 
131.88827,33.25355,,,,, 
131.88813,33.25355,,,,, 
131.88813,33.25355,,,,, 
131.88813,33.25355,,,,, 
131.88789,33.25358,,,,, 
131.88781,33.25357,,,,, 
131.88774,33.25354,,,,, 
131.88757,33.25346,,,,, 
131.88743,33.25339,,,,, 
131.88719,33.2532,,,,, 
131.88705,33.2529,,,,, 
131.88693,33.25274,,,,, 
131.88659,33.25261,,,,, 
131.88645,33.25259,,,,, 
131.88632,33.25257,,,,, 
131.88598,33.25249,,,,, 
131.88587,33.25251,,,,, 
131.88581,33.25252,,,,, 
131.88566,33.25253,,,,, 
131.88557,33.25252,,,,, 
131.8854,33.25244,,,,, 
131.88537,33.25239,,,,, 
131.88534,33.25234,,,,, 
131.88533,33.25227,,,,, 
131.88534,33.25214,,,,, 
131.88536,33.25207,,,,, 
131.88537,33.25193,,,,, 
131.88543,33.25169,,,,, 
131.88545,33.25165,,,,, 
131.88549,33.25154,,,,, 
131.88549,33.2515,,,,, 
131.88545,33.25143,,,,, 
131.8854,33.25139,,,,, 
131.8851,33.25109,,,,, 
131.88505,33.25106,,,,, 
131.885,33.25101,,,,, 
131.88488,33.25096,,,,, 
131.88447,33.25065,,,,, 
131.88442,33.2506,,,,, 
131.88432,33.25049,,,,, 
131.884,33.25029,,,,, 
131.88392,33.25028,,,,, 
131.88351,33.25026,,,,, 
131.8833,33.25025,,,,, 
131.88323,33.25025,,,,, 
131.88317,33.25026,,,,, 
131.8831,33.25027,,,,, 
131.88296,33.25031,,,,, 
131.8829,33.25034,,,,, 
131.88282,33.25037,,,,, 
131.88282,33.25037,,,,, 
131.88262,33.25045,,,,, 
131.88255,33.25048,,,,, 
131.88247,33.25049,,,,, 
131.88238,33.2505,,,,, 
131.8823,33.2505,,,,, 
131.88221,33.25049,,,,, 
131.88203,33.25045,,,,, 
131.88153,33.25036,,,,, 
131.8816,33.25058,,,,, 
131.88166,33.2506,,,,, 
131.88172,33.25061,,,,, 
131.88179,33.25062,,,,, 
131.88197,33.25074,,,,, 
131.88221,33.25102,,,,, 
131.88233,33.25109,,,,, 
131.88278,33.25095,,,,, 
131.88282,33.25095,,,,, 
131.88285,33.25096,,,,, 
131.88288,33.251,,,,, 
131.88287,33.25104,,,,, 
131.88284,33.25108,,,,, 
131.88278,33.25115,,,,, 
131.88265,33.2514,,,,, 
131.88258,33.25149,,,,, 
131.88253,33.25152,,,,, 
131.88247,33.25156,,,,, 
131.88241,33.25158,,,,, 
131.88236,33.25165,,,,, 
131.8823,33.25167,,,,, 
131.88224,33.2517,,,,, 
131.88217,33.25171,,,,, 
131.88203,33.25168,,,,, 
131.88198,33.25164,,,,, 
131.88194,33.25159,,,,, 
131.88191,33.25154,,,,, 
131.88188,33.25138,,,,, 
131.88182,33.25129,,,,, 
131.88177,33.25125,,,,, 
131.88172,33.25122,,,,, 
131.88168,33.25123,,,,, 
131.88157,33.25138,,,,, 
131.88156,33.25143,,,,, 
131.88153,33.25148,,,,, 
131.88153,33.25148,,,,, 
131.88139,33.25173,,,,, 
131.88136,33.25178,,,,, 
131.88131,33.25182,,,,, 
131.88108,33.25191,,,,, 
131.88095,33.25195,,,,, 
131.88088,33.25198,,,,, 
131.88082,33.25201,,,,, 
131.88076,33.25203,,,,, 
131.88064,33.25209,,,,, 
131.88052,33.25216,,,,, 
131.8804,33.25222,,,,, 
131.88027,33.2523,,,,, 
131.88023,33.25233,,,,, 
131.88017,33.25236,,,,, 
131.88011,33.25241,,,,, 
131.88005,33.25244,,,,, 
131.87998,33.25248,,,,, 
131.87994,33.2525,,,,, 
131.8798,33.25255,,,,, 
131.87977,33.25256,,,,, 
131.87977,33.25257,,,,, 
131.87977,33.25258,,,,, 
131.87976,33.25258,,,,, 
131.87976,33.25258,,,,, 
131.87973,33.25257,,,,, 
131.87951,33.25252,,,,, 
131.8794,33.25245,,,,, 
131.87924,33.25233,,,,, 
131.87899,33.25217,,,,, 
131.87895,33.25212,,,,, 
131.87892,33.25207,,,,, 
131.87884,33.25196,,,,, 
131.87878,33.25191,,,,, 
131.87873,33.25187,,,,, 
131.87873,33.25187,,,,, 
131.87867,33.25183,,,,, 
131.87844,33.25154,,,,, 
131.87831,33.25149,,,,, 
131.87821,33.25148,,,,, 
131.87803,33.25145,,,,, 
131.87783,33.25141,,,,, 
131.87774,33.25141,,,,, 
131.87763,33.25141,,,,, 
131.87763,33.25141,,,,, 
131.87745,33.25141,,,,, 
131.87738,33.25141,,,,, 
131.87728,33.25141,,,,, 
131.87728,33.25141,,,,, 
131.87712,33.2514,,,,, 
131.87704,33.2514,,,,, 
131.87696,33.2514,,,,, 
131.87696,33.2514,,,,, 
131.87683,33.25142,,,,, 
131.87667,33.25143,,,,, 
131.8766,33.25143,,,,, 
131.87652,33.25144,,,,, 
131.87644,33.25145,,,,, 
131.87631,33.25146,,,,, 
131.87619,33.25147,,,,, 
131.87614,33.25148,,,,, 
131.87609,33.25148,,,,, 
131.87597,33.25146,,,,, 
131.87594,33.25144,,,,, 
131.87588,33.25139,,,,, 
131.87583,33.25129,,,,, 
131.87583,33.25129,,,,, 
131.8757,33.25095,,,,, 
131.87564,33.25083,,,,, 
131.87562,33.25076,,,,, 
131.87554,33.25057,,,,, 
131.87551,33.25051,,,,, 
131.87551,33.25051,,,,, 
131.87548,33.25044,,,,, 
131.87545,33.25038,,,,, 
131.87544,33.25032,,,,, 
131.87541,33.25025,,,,, 
131.8753,33.25006,,,,, 
131.8753,33.25006,,,,, 
131.87521,33.24987,,,,, 
131.87518,33.24981,,,,, 
131.87515,33.24975,,,,, 
131.87512,33.24969,,,,, 
131.87509,33.24963,,,,, 
131.87509,33.24963,,,,, 
131.87501,33.24947,,,,, 
131.87493,33.24937,,,,, 
131.87489,33.24932,,,,, 
131.87486,33.24927,,,,, 
131.87475,33.24917,,,,, 
131.87474,33.24915,,,,, 
131.87474,33.24915,,,,, 
131.87474,33.24914,,,,, 
131.87474,33.24914,,,,, 
131.87472,33.24914,,,,, 
131.87472,33.24914,,,,, 
131.87472,33.24914,,,,, 
131.87472,33.24914,,,,, 
131.87472,33.24914,,,,, 
131.87472,33.24914,,,,, 
131.87469,33.24912,,,,, 
131.87461,33.24904,,,,, 
131.87455,33.24896,,,,, 
131.87446,33.24888,,,,, 
131.87442,33.24883,,,,, 
131.87437,33.24878,,,,, 
131.8742,33.24861,,,,, 
131.87413,33.24856,,,,, 
131.87376,33.24843,,,,, 
131.87367,33.24843,,,,, 
131.87356,33.24843,,,,, 
131.87345,33.24845,,,,, 
131.87335,33.24846,,,,, 
131.87324,33.24847,,,,, 
131.87283,33.24853,,,,, 
131.87283,33.24853,,,,, 
131.87223,33.24861,,,,, 
131.87185,33.24868,,,,, 
131.87176,33.24868,,,,, 
131.87155,33.24864,,,,, 
131.87149,33.24861,,,,, 
131.87145,33.24858,,,,, 
131.87145,33.24858,,,,, 
131.87144,33.24856,,,,, 
131.87142,33.24855,,,,, 
131.87142,33.24855,,,,, 
131.87142,33.24855,,,,, 
131.87142,33.24855,,,,, 
131.87142,33.24855,,,,, 
131.87142,33.24855,,,,, 
131.87142,33.24855,,,,, 
131.87142,33.24855,,,,, 
131.87142,33.24855,,,,, 
131.87142,33.24855,,,,, 
131.87142,33.24855,,,,, 
131.87142,33.24855,,,,, 
131.87142,33.24855,,,,, 
131.87142,33.24855,,,,, 
131.87141,33.24853,,,,, 
131.87139,33.24851,,,,, 
131.87138,33.2485,,,,, 
131.87136,33.24848,,,,, 
131.87135,33.24846,,,,, 
131.87135,33.24846,,,,, 
131.87133,33.24844,,,,, 
131.8713,33.2484,,,,, 
131.87127,33.24838,,,,, 
131.87117,33.24832,,,,, 
131.87117,33.24832,,,,, 
131.87103,33.24831,,,,, 
131.87098,33.24831,,,,, 
131.87092,33.24831,,,,, 
131.87086,33.24832,,,,, 
131.87081,33.24833,,,,, 
131.87074,33.24834,,,,, 
131.87068,33.24835,,,,, 
131.87048,33.24838,,,,, 
131.87042,33.24839,,,,, 
131.87028,33.2484,,,,, 
131.8702,33.24841,,,,, 
131.87005,33.24843,,,,, 
131.86981,33.24845,,,,, 
131.86975,33.24845,,,,, 
131.86968,33.24846,,,,, 
131.86968,33.24846,,,,, 
131.86965,33.24846,,,,, 
131.86961,33.24846,,,,, 
131.86958,33.24847,,,,, 
131.86958,33.24847,,,,, 
131.86949,33.24847,,,,, 
131.86941,33.24848,,,,, 
131.86926,33.2485,,,,, 
131.86915,33.24851,,,,, 
131.86909,33.24851,,,,, 
131.86906,33.24852,,,,, 
131.86906,33.24852,,,,, 
131.86898,33.24852,,,,, 
131.86889,33.24853,,,,, 
131.86865,33.24855,,,,, 
131.86849,33.24856,,,,, 
131.86842,33.24856,,,,, 
131.86833,33.24857,,,,, 
131.86825,33.24858,,,,, 
131.86769,33.24863,,,,, 
131.86743,33.24865,,,,, 
131.86743,33.24865,,,,, 
131.86697,33.2487,,,,, 
131.8665,33.24875,,,,, 
131.86631,33.24877,,,,, 
131.86631,33.24877,,,,, 
131.86621,33.24877,,,,, 
131.86585,33.24882,,,,, 
131.86558,33.24887,,,,, 
131.86549,33.2489,,,,, 
131.8654,33.24892,,,,, 
131.86531,33.24896,,,,, 
131.86521,33.24899,,,,, 
131.86505,33.24906,,,,, 
131.86495,33.23333,,,,, 
131.86488,33.24913,,,,, 
131.86454,33.2493,,,,, 
131.86447,33.24935,,,,, 
131.86441,33.2494,,,,, 
131.86434,33.24944,,,,, 
131.86422,33.24952,,,,, 
131.86407,33.24962,,,,, 
131.86404,33.24966,,,,, 
131.86395,33.24971,,,,, 
131.86392,33.24974,,,,, 
131.86384,33.2498,,,,, 
131.86376,33.24987,,,,, 
131.86369,33.24994,,,,, 
131.86366,33.24997,,,,, 
131.86366,33.24997,,,,, 
131.86363,33.25001,,,,, 
131.86358,33.25011,,,,, 
131.86358,33.25016,,,,, 
131.86358,33.25016,,,,, 
131.86355,33.25026,,,,, 
131.86352,33.2503,,,,, 
131.86344,33.25041,,,,, 
131.86334,33.25055,,,,, 
131.86329,33.2506,,,,, 
131.86312,33.25081,,,,, 
131.86312,33.25,,,,, 
131.86297,33.251,,,,, 
131.86293,33.25107,,,,, 
131.86264,33.25151,,,,, 
131.86259,33.2516,,,,, 
131.8625,33.25175,,,,, 
131.8623,33.25186,,,,, 
131.8623,33.25186,,,,, 
131.86215,33.25196,,,,, 
131.86195,33.25201,,,,, 
131.86186,33.25203,,,,, 
131.8616,33.25202,,,,, 
131.86151,33.25199,,,,, 
131.86134,33.25191,,,,, 
131.86125,33.25188,,,,, 
131.86116,33.25185,,,,, 
131.86087,33.25177,,,,, 
131.86076,33.25177,,,,, 
131.86065,33.25179,,,,, 
131.86036,33.2519,,,,, 
131.86029,33.25196,,,,, 
131.86021,33.25201,,,,, 
131.85995,33.25217,,,,, 
131.85978,33.25226,,,,, 
131.85969,33.25231,,,,, 
131.8596,33.25234,,,,, 
131.85949,33.25238,,,,, 
131.8594,33.25241,,,,, 
131.85902,33.25256,,,,, 
131.85894,33.25261,,,,, 
131.85887,33.25267,,,,, 
131.85836,33.25321,,,,, 
131.85829,33.25327,,,,, 
131.85815,33.25339,,,,, 
131.85807,33.25344,,,,, 
131.85786,33.25361,,,,, 
131.85771,33.25382,,,,, 
131.85775,33.25407,,,,, 
131.85778,33.25413,,,,, 
131.85784,33.25426,,,,, 
131.85786,33.25428,,,,, 
131.85787,33.2543,,,,, 
131.85787,33.25433,,,,, 
131.85789,33.25436,,,,, 
131.85792,33.25444,,,,, 
131.85792,33.25453,,,,, 
131.85792,33.25458,,,,, 
131.85784,33.2548,,,,, 
131.8578,33.25485,,,,, 
131.85766,33.25495,,,,, 
131.8572,33.255,,,,, 
131.85702,33.25496,,,,, 
131.85676,33.25497,,,,, 
131.85601,33.25513,,,,, 
131.85592,33.25511,,,,, 
131.85581,33.25507,,,,, 
131.85562,33.25499,,,,, 
131.8554,33.25491,,,,, 
131.85531,33.25487,,,,, 
131.85522,33.25483,,,,, 
131.85514,33.2548,,,,, 
131.85475,33.25471,,,,, 
131.85464,33.25471,,,,, 
131.8542,33.25469,,,,, 
131.85409,33.25469,,,,, 
131.85398,33.25469,,,,, 
131.85388,33.25469,,,,, 
131.85366,33.25468,,,,, 
131.85331,33.25467,,,,, 
131.85321,33.25466,,,,, 
131.8531,33.25466,,,,, 
131.85299,33.25465,,,,, 
131.8529,33.25463,,,,, 
131.85256,33.25448,,,,, 
131.85256,33.25448,,,,, 
131.85243,33.25433,,,,, 
131.85237,33.25425,,,,, 
131.85232,33.2542,,,,, 
131.85227,33.25416,,,,, 
131.85226,33.25414,,,,, 
131.85226,33.25414,,,,, 
131.85227,33.25416,,,,, 
131.85238,33.25426,,,,, 
131.85243,33.25429,,,,, 
131.85243,33.25429,,,,, 
131.85243,33.25429,,,,, 
131.85243,33.25429,,,,, 
131.85243,33.25429,,,,, 
131.85243,33.25429,,,,, 
131.85243,33.25429,,,,, 
131.85243,33.25429,,,,, 
131.85243,33.25428,,,,, 
131.85243,33.25428,,,,, 
131.85243,33.25428,,,,, 
131.85243,33.25428,,,,, 
131.85243,33.25428,,,,, 
131.85243,33.25429,,,,, 
131.85238,33.25425,,,,, 
131.85229,33.25416,,,,, 
131.85223,33.2541,,,,, 
131.8522,33.25407,,,,, 
131.85212,33.254,,,,, 
131.85212,33.254,,,,, 
131.85209,33.25396,,,,, 
131.85206,33.25392,,,,, 
131.85183,33.25367,,,,, 
131.8518,33.25363,,,,, 
131.85176,33.25359,,,,, 
131.85153,33.25331,,,,, 
131.8515,33.25326,,,,, 
131.85145,33.25321,,,,, 
131.85142,33.25316,,,,, 
131.85134,33.25305,,,,, 
131.85128,33.25294,,,,, 
131.85121,33.25283,,,,, 
131.85115,33.25271,,,,, 
131.85099,33.25246,,,,, 
131.85095,33.25234,,,,, 
131.85092,33.25228,,,,, 
131.8509,33.25217,,,,, 
131.8509,33.25217,,,,, 
131.8509,33.25201,,,,, 
131.8509,33.25196,,,,, 
131.8509,33.25196,,,,, 
131.8509,33.25192,,,,, 
131.85092,33.25189,,,,, 
131.85093,33.25185,,,,, 
131.85093,33.25185,,,,, 
131.85093,33.25183,,,,, 
131.85093,33.25181,,,,, 
131.85093,33.2518,,,,, 
131.85089,33.25175,,,,, 
131.85086,33.25173,,,,, 
131.85069,33.25172,,,,, 
131.85046,33.25173,,,,, 
131.85046,33.25173,,,,, 
131.85031,33.25174,,,,, 
131.85003,33.25175,,,,, 
131.84992,33.25175,,,,, 
131.84921,33.25173,,,,, 
131.84909,33.25172,,,,, 
131.84854,33.25165,,,,, 
131.8484,33.25162,,,,, 
131.84826,33.25159,,,,, 
131.84812,33.25155,,,,, 
131.84799,33.25151,,,,, 
131.84757,33.25138,,,,, 
131.84757,33.25138,,,,, 
131.84732,33.2513,,,,, 
131.84719,33.25125,,,,, 
131.84719,33.25125,,,,, 
131.84671,33.25108,,,,, 
131.84663,33.25107,,,,, 
131.84655,33.25107,,,,, 
131.84648,33.25107,,,,, 
131.84648,33.25107,,,,, 
131.84632,33.25104,,,,, 
131.84625,33.25102,,,,, 
131.84616,33.25101,,,,, 
131.84608,33.25099,,,,, 
131.84599,33.25099,,,,, 
131.8459,33.25099,,,,, 
131.8459,33.25099,,,,, 
131.8458,33.251,,,,, 
131.8458,33.251,,,,, 
131.8457,33.25102,,,,, 
131.84521,33.25117,,,,, 
131.8451,33.25121,,,,, 
131.84501,33.25125,,,,, 
131.84458,33.25138,,,,, 
131.84413,33.25141,,,,, 
131.84382,33.25136,,,,, 
131.84371,33.25136,,,,, 
131.84349,33.25136,,,,, 
131.84294,33.25149,,,,, 
131.84283,33.2515,,,,, 
131.84249,33.25139,,,,, 
131.84243,33.25132,,,,, 
131.84242,33.25125,,,,, 
131.84284,33.25056,,,,, 
131.84291,33.25049,,,,, 
131.843,33.25033,,,,, 
131.84306,33.25005,,,,, 
131.84301,33.24986,,,,, 
131.84271,33.24935,,,,, 
131.84265,33.24922,,,,, 
131.84263,33.2492,,,,, 
131.84263,33.24919,,,,, 
131.84262,33.24916,,,,, 
131.8426,33.24913,,,,, 
131.84259,33.2491,,,,, 
131.84254,33.24907,,,,, 
131.84249,33.24903,,,,, 
131.84239,33.24896,,,,, 
131.84231,33.24892,,,,, 
131.84231,33.24892,,,,, 
131.84225,33.24888,,,,, 
131.8422,33.24885,,,,, 
131.84217,33.24882,,,,, 
131.84216,33.24881,,,,, 
131.84213,33.2488,,,,, 
131.84211,33.24878,,,,, 
131.84207,33.24875,,,,, 
131.84207,33.24875,,,,, 
131.84204,33.24874,,,,, 
131.84202,33.24872,,,,, 
131.84202,33.24872,,,,, 
131.84193,33.24866,,,,, 
131.8419,33.24863,,,,, 
131.84185,33.2486,,,,, 
131.84173,33.24853,,,,, 
131.84167,33.2485,,,,, 
131.84159,33.24847,,,,, 
131.84153,33.24843,,,,, 
131.84146,33.2484,,,,, 
131.84136,33.24837,,,,, 
131.84129,33.24835,,,,, 
131.8412,33.24832,,,,, 
131.84112,33.24828,,,,, 
131.84094,33.24822,,,,, 
131.84085,33.24819,,,,, 
131.84075,33.24816,,,,, 
131.84033,33.24802,,,,, 
131.84025,33.248,,,,, 
131.84016,33.24798,,,,, 
131.84016,33.24798,,,,, 
131.84008,33.24797,,,,, 
131.84001,33.24797,,,,, 
131.83993,33.24797,,,,, 
131.8399,33.24797,,,,, 
131.83985,33.24798,,,,, 
131.83981,33.24799,,,,, 
131.83976,33.248,,,,, 
131.83966,33.24805,,,,, 
131.83966,33.24805,,,,, 
131.83935,33.24816,,,,, 
131.83935,33.24816,,,,, 
131.83918,33.24819,,,,, 
131.83909,33.24819,,,,, 
131.83892,33.24817,,,,, 
131.83869,33.24806,,,,, 
131.83862,33.24802,,,,, 
131.83856,33.24797,,,,, 
131.83845,33.2479,,,,, 
131.83825,33.24777,,,,, 
131.83821,33.24774,,,,, 
131.83808,33.24766,,,,, 
131.83802,33.24763,,,,, 
131.83793,33.24757,,,,, 
131.83787,33.24753,,,,, 
131.83776,33.24747,,,,, 
131.83769,33.24743,,,,, 
131.83763,33.2474,,,,, 
131.83763,33.2474,,,,, 
131.83755,33.24738,,,,, 
131.83746,33.24736,,,,, 
131.83738,33.24734,,,,, 
131.83731,33.24732,,,,, 
131.83738,33.24734,,,,, 
131.83706,33.24726,,,,, 
131.83688,33.24721,,,,, 
131.8368,33.2472,,,,, 
131.83673,33.24719,,,,, 
131.83673,33.24719,,,,, 
131.83665,33.24718,,,,, 
131.83648,33.24717,,,,, 
131.83639,33.24716,,,,, 
131.8363,33.24716,,,,, 
131.83622,33.24715,,,,, 
131.83613,33.24715,,,,, 
131.8358,33.2471,,,,, 
131.8357,33.24708,,,,, 
131.83561,33.24707,,,,, 
131.83541,33.24705,,,,, 
131.83531,33.24704,,,,, 
131.8352,33.24703,,,,, 
131.83499,33.24702,,,,, 
131.83486,33.24702,,,,, 
131.83476,33.24701,,,,, 
131.83476,33.24701,,,,, 
131.83464,33.24701,,,,, 
131.83453,33.247,,,,, 
131.83441,33.24699,,,,, 
131.83406,33.24696,,,,, 
131.83372,33.24695,,,,, 
131.8328,33.24703,,,,, 
131.83271,33.24704,,,,, 
131.83264,33.24705,,,,, 
131.83229,33.2472,,,,, 
131.83209,33.24744,,,,, 
131.83201,33.2476,,,,, 
131.83197,33.24768,,,,, 
131.8319,33.24775,,,,, 
131.83158,33.248,,,,, 
131.83151,33.24802,,,,, 
131.83135,33.24803,,,,, 
131.83128,33.24802,,,,, 
131.8312,33.248,,,,, 
131.83113,33.24799,,,,, 
131.83097,33.24794,,,,, 
131.83084,33.24789,,,,, 
131.83076,33.24786,,,,, 
131.83062,33.24781,,,,, 
131.83055,33.24778,,,,, 
131.83045,33.24776,,,,, 
131.83045,33.24776,,,,, 
131.83038,33.24773,,,,, 
131.8303,33.2477,,,,, 
131.83021,33.24768,,,,, 
131.83013,33.24765,,,,, 
131.82997,33.24759,,,,, 
131.82989,33.24756,,,,, 
131.82972,33.24749,,,,, 
131.82955,33.24742,,,,, 
131.82948,33.24739,,,,, 
131.82948,33.24739,,,,, 
131.82923,33.24729,,,,, 
131.82914,33.24727,,,,, 
131.82914,33.24727,,,,, 
131.82894,33.24723,,,,, 
131.82888,33.24723,,,,, 
131.82875,33.2472,,,,, 
131.82868,33.24717,,,,, 
131.82856,33.24711,,,,, 
131.8285,33.24708,,,,, 
131.82835,33.24703,,,,, 
131.82827,33.24701,,,,, 
131.82804,33.24699,,,,, 
131.82804,33.24699,,,,, 
131.82789,33.24696,,,,, 
131.82783,33.24695,,,,, 
131.82783,33.24695,,,,, 
131.82769,33.24693,,,,, 
131.82772,33.24694,,,,, 
131.82766,33.24693,,,,, 
131.8276,33.24693,,,,, 
131.82756,33.24691,,,,, 
131.82752,33.24689,,,,, 
131.82751,33.24687,,,,, 
131.82749,33.24686,,,,, 
131.82748,33.24684,,,,, 
131.82693,33.24684,,,,, 
131.82676,33.24682,,,,, 
131.82667,33.24679,,,,, 
131.8265,33.24673,,,,, 
131.82635,33.24664,,,,, 
131.82627,33.24659,,,,, 
131.82618,33.24655,,,,, 
131.82594,33.24641,,,,, 
131.82577,33.24633,,,,, 
131.82563,33.24629,,,,, 
131.82557,33.24629,,,,, 
131.82546,33.24629,,,,, 
131.82533,33.24628,,,,, 
131.82539,33.24628,,,,, 
131.82511,33.24629,,,,, 
131.82493,33.24634,,,,, 
131.82487,33.24636,,,,, 
131.82473,33.24641,,,,, 
131.82435,33.24652,,,,, 
131.82415,33.24656,,,,, 
131.82435,33.24652,,,,, 
131.82405,33.24657,,,,, 
131.82359,33.24646,,,,, 
131.82337,33.24636,,,,, 
131.82315,33.24625,,,,, 
131.8229,33.24615,,,,, 
131.82278,33.2461,,,,, 
131.82254,33.24602,,,,, 
131.82229,33.24597,,,,, 
131.82217,33.24596,,,,, 
131.82167,33.24593,,,,, 
131.82138,33.24591,,,,, 
131.82124,33.2459,,,,, 
131.8211,33.24589,,,,, 
131.82096,33.24588,,,,, 
131.82054,33.24584,,,,, 
131.82029,33.24576,,,,, 
131.81959,33.24547,,,,, 
131.81919,33.24547,,,,, 
131.81893,33.24552,,,,, 
131.81867,33.24555,,,,, 
131.81842,33.24552,,,,, 
131.81816,33.24545,,,,, 
131.81776,33.2453,,,,, 
131.81752,33.24519,,,,, 
131.81739,33.24514,,,,, 
131.81716,33.24505,,,,, 
131.81706,33.24501,,,,, 
131.81681,33.24493,,,,, 
131.81646,33.24484,,,,, 
131.81593,33.24478,,,,, 
131.81553,33.24473,,,,, 
131.81526,33.24468,,,,, 
131.81443,33.24446,,,,, 
131.81431,33.24442,,,,, 
131.81417,33.24438,,,,, 
131.81353,33.24419,,,,, 
131.81329,33.24409,,,,, 
131.81304,33.24399,,,,, 
131.81294,33.24393,,,,, 
131.81282,33.24388,,,,, 
131.81269,33.24382,,,,, 
131.81259,33.24376,,,,, 
131.81234,33.24365,,,,, 
131.81222,33.24359,,,,, 
131.8121,33.24353,,,,, 
131.81198,33.24348,,,,, 
131.81172,33.24338,,,,, 
131.81135,33.24324,,,,, 
131.81111,33.24315,,,,, 
131.81086,33.24306,,,,, 
131.81074,33.24302,,,,, 
131.8106,33.24298,,,,, 
131.81048,33.24293,,,,, 
131.8101,33.2428,,,,, 
131.80986,33.24271,,,,, 
131.80973,33.24267,,,,, 
131.80961,33.24263,,,,, 
131.80949,33.24258,,,,, 
131.80924,33.2425,,,,, 
131.80902,33.24242,,,,, 
131.80879,33.24231,,,,, 
131.80868,33.24225,,,,, 
131.80848,33.24213,,,,, 
131.80838,33.24206,,,,, 
131.80827,33.242,,,,, 
131.80781,33.24175,,,,, 
131.80754,33.24167,,,,, 
131.80738,33.24164,,,,, 
131.80665,33.24158,,,,, 
131.80619,33.24154,,,,, 
131.80604,33.24152,,,,, 
131.80545,33.24146,,,,, 
131.80529,33.24144,,,,, 
131.80484,33.24139,,,,, 
131.80455,33.24135,,,,, 
131.80439,33.24134,,,,, 
131.80426,33.24132,,,,, 
131.8041,33.24131,,,,, 
131.8041,33.24131,,,,, 
131.8038,33.24127,,,,, 
131.80335,33.24122,,,,, 
131.80308,33.24116,,,,, 
131.80294,33.24111,,,,, 
131.80282,33.24106,,,,, 
131.80261,33.24093,,,,, 
131.80252,33.24086,,,,, 
131.8022,33.24054,,,,, 
131.80204,33.24039,,,,, 
131.80198,33.24031,,,,, 
131.80192,33.24024,,,,, 
131.80184,33.24016,,,,, 
131.80178,33.24009,,,,, 
131.80165,33.23995,,,,, 
131.80157,33.23989,,,,, 
131.80149,33.23983,,,,, 
131.80133,33.23973,,,,, 
131.80116,33.23963,,,,, 
131.80105,33.23959,,,,, 
131.80085,33.2395,,,,, 
131.80038,33.23928,,,,, 
131.80026,33.23922,,,,, 
131.80014,33.23916,,,,, 
131.79977,33.23898,,,,, 
131.79966,33.23891,,,,, 
131.79954,33.23885,,,,, 
131.79942,33.23878,,,,, 
131.7993,33.23872,,,,, 
131.79882,33.23848,,,,, 
131.79858,33.23838,,,,, 
131.79833,33.23831,,,,, 
131.79792,33.23828,,,,, 
131.79763,33.2383,,,,, 
131.79751,33.23833,,,,, 
131.79739,33.23836,,,,, 
131.79718,33.23844,,,,, 
131.7971,33.23848,,,,, 
131.79698,33.23854,,,,, 
131.79698,33.23855,,,,, 
131.79698,33.23855,,,,, 
131.79698,33.23855,,,,, 
131.79698,33.23855,,,,, 
131.79698,33.23855,,,,, 
131.79698,33.23855,,,,, 
131.79693,33.23857,,,,, 
131.79661,33.23871,,,,, 
131.79536,33.23914,,,,, 
131.79524,33.23917,,,,, 
131.79499,33.23922,,,,, 
131.79475,33.23928,,,,, 
131.79463,33.2393,,,,, 
131.79449,33.23933,,,,, 
131.79435,33.23935,,,,, 
131.79393,33.23944,,,,, 
131.79322,33.23958,,,,, 
131.79269,33.23968,,,,, 
131.79243,33.23972,,,,, 
131.79229,33.23974,,,,, 
131.79216,33.23976,,,,, 
131.79174,33.23984,,,,, 
131.79161,33.23987,,,,, 
131.79119,33.23994,,,,, 
131.79106,33.23996,,,,, 
131.7909,33.23997,,,,, 
131.79077,33.23998,,,,, 
131.79048,33.23997,,,,, 
131.79003,33.23994,,,,, 
131.78988,33.23992,,,,, 
131.78961,33.2399,,,,, 
131.78945,33.23988,,,,, 
131.78903,33.23983,,,,, 
131.78889,33.23981,,,,, 
131.78875,33.2398,,,,, 
131.78861,33.23978,,,,, 
131.78836,33.23975,,,,, 
131.7881,33.23972,,,,, 
131.78773,33.23968,,,,, 
131.78759,33.23967,,,,, 
131.78747,33.23965,,,,, 
131.7872,33.23962,,,,, 
131.78706,33.2396,,,,, 
131.78651,33.23954,,,,, 
131.78611,33.2395,,,,, 
131.78569,33.23945,,,,, 
131.78524,33.23945,,,,, 
131.78404,33.23946,,,,, 
131.78392,33.23944,,,,, 
131.78366,33.23936,,,,, 
131.78353,33.23931,,,,, 
131.78317,33.23915,,,,, 
131.78292,33.23906,,,,, 
131.78292,33.23906,,,,, 
131.78268,33.239,,,,, 
131.78254,33.23899,,,,, 
131.7824,33.23898,,,,, 
131.78202,33.23897,,,,, 
131.78189,33.23897,,,,, 
131.78176,33.23897,,,,, 
131.78163,33.23896,,,,, 
131.78138,33.23896,,,,, 
131.78125,33.23896,,,,, 
131.78112,33.23896,,,,, 
131.78099,33.23896,,,,, 
131.7806,33.23895,,,,, 
131.78047,33.23895,,,,, 
131.78034,33.23895,,,,, 
131.7798,33.23892,,,,, 
131.77964,33.2389,,,,, 
131.77949,33.23886,,,,, 
131.77935,33.23882,,,,, 
131.77893,33.23864,,,,, 
131.77893,33.23864,,,,, 
131.77836,33.23825,,,,, 
131.77827,33.23816,,,,, 
131.77799,33.23791,,,,, 
131.7777,33.23765,,,,, 
131.77752,33.2375,,,,, 
131.77743,33.23741,,,,, 
131.77734,33.23733,,,,, 
131.77706,33.2371,,,,, 
131.77697,33.23701,,,,, 
131.7769,33.23693,,,,, 
131.7769,33.23693,,,,, 
131.77673,33.23677,,,,, 
131.77664,33.23669,,,,, 
131.77645,33.23654,,,,, 
131.77616,33.23631,,,,, 
131.77597,33.23617,,,,, 
131.77575,33.23606,,,,, 
131.77565,33.23601,,,,, 
131.77554,33.23596,,,,, 
131.77516,33.23583,,,,, 
131.77503,33.2358,,,,, 
131.77407,33.23569,,,,, 
131.77391,33.23569,,,,, 
131.77372,33.2357,,,,, 
131.77354,33.23572,,,,, 
131.77302,33.23584,,,,, 
131.77285,33.23589,,,,, 
131.77252,33.23602,,,,, 
131.7722,33.23614,,,,, 
131.77203,33.23621,,,,, 
131.77186,33.23627,,,,, 
131.77154,33.2364,,,,, 
131.7712,33.23652,,,,, 
131.77105,33.23658,,,,, 
131.77038,33.23683,,,,, 
131.77005,33.23696,,,,, 
131.76989,33.23703,,,,, 
131.7694,33.23718,,,,, 
131.76925,33.23722,,,,, 
131.76892,33.23727,,,,, 
131.76856,33.23729,,,,, 
131.76768,33.2372,,,,, 
131.76704,33.23699,,,,, 
131.76675,33.23687,,,,, 
131.76614,33.23664,,,,, 
131.76599,33.23659,,,,, 
131.76583,33.23653,,,,, 
131.76553,33.23642,,,,, 
131.76524,33.23631,,,,, 
131.76493,33.2362,,,,, 
131.76478,33.23614,,,,, 
131.76448,33.23603,,,,, 
131.76432,33.23597,,,,, 
131.7639,33.23581,,,,, 
131.76361,33.23571,,,,, 
131.76345,33.23567,,,,, 
131.76332,33.23562,,,,, 
131.76316,33.23558,,,,, 
131.76301,33.23553,,,,, 
131.76239,33.23537,,,,, 
131.76223,33.23534,,,,, 
131.7621,33.2353,,,,, 
131.76196,33.23527,,,,, 
131.76182,33.23524,,,,, 
131.76168,33.23522,,,,, 
131.76141,33.23517,,,,, 
131.76127,33.23516,,,,, 
131.76113,33.23514,,,,, 
131.761,33.23512,,,,, 
131.76086,33.23511,,,,, 
131.76074,33.23509,,,,, 
131.7606,33.23508,,,,, 
131.76046,33.23507,,,,, 
131.76019,33.23506,,,,, 
131.76005,33.23506,,,,, 
131.75978,33.23506,,,,, 
131.75965,33.23506,,,,, 
131.75819,33.23508,,,,, 
131.75805,33.23508,,,,, 
131.75793,33.23508,,,,, 
131.75779,33.23508,,,,, 
131.7574,33.23509,,,,, 
131.75726,33.23509,,,,, 
131.75712,33.23509,,,,, 
131.75698,33.2351,,,,, 
131.75686,33.2351,,,,, 
131.75659,33.23511,,,,, 
131.75643,33.23511,,,,, 
131.75616,33.23511,,,,, 
131.75604,33.23512,,,,, 
131.75592,33.23512,,,,, 
131.75566,33.23513,,,,, 
131.75541,33.23513,,,,, 
131.75529,33.23513,,,,, 
131.75517,33.23513,,,,, 
131.75505,33.23513,,,,, 
131.75479,33.23513,,,,, 
131.75466,33.23513,,,,, 
131.75453,33.23513,,,,, 
131.75439,33.23514,,,,, 
131.75425,33.23514,,,,, 
131.75411,33.23514,,,,, 
131.75398,33.23514,,,,, 
131.75398,33.23514,,,,, 
131.75338,33.23515,,,,, 
131.75294,33.23515,,,,, 
131.75279,33.23515,,,,, 
131.75265,33.23516,,,,, 
131.7525,33.23516,,,,, 
131.75221,33.23516,,,,, 
131.75192,33.23516,,,,, 
131.75163,33.23516,,,,, 
131.75148,33.23516,,,,, 
131.75103,33.23517,,,,, 
131.75088,33.23517,,,,, 
131.75041,33.23517,,,,, 
131.75024,33.23517,,,,, 
131.74957,33.23518,,,,, 
131.7494,33.23518,,,,, 
131.74923,33.23518,,,,, 
131.74906,33.23519,,,,, 
131.74871,33.23519,,,,, 
131.74855,33.2352,,,,, 
131.74838,33.2352,,,,, 
131.74804,33.23521,,,,, 
131.74771,33.23523,,,,, 
131.74755,33.23516,,,,, 
131.74754,33.23511,,,,, 
131.74755,33.23492,,,,, 
131.74755,33.23479,,,,, 
131.74755,33.23473,,,,, 
131.74755,33.23466,,,,, 
131.74746,33.23444,,,,, 
131.74745,33.23444,,,,, 
131.74745,33.23444,,,,, 
131.74745,33.23445,,,,, 
131.74743,33.23445,,,,, 
131.7474,33.23445,,,,, 
131.74734,33.23445,,,,, 
131.7471,33.23444,,,,, 
131.74703,33.23444,,,,, 
131.74699,33.23445,,,,, 
131.74691,33.23463,,,,, 
131.7469,33.23476,,,,, 
131.74691,33.23491,,,,, 
131.74691,33.23506,,,,, 
131.74691,33.23514,,,,, 
131.74691,33.23527,,,,, 
131.7469,33.23531,,,,, 
131.74688,33.23532,,,,, 
131.74674,33.23535,,,,, 
131.74659,33.23538,,,,, 
131.7465,33.2354,,,,, 
131.74641,33.23542,,,,, 
131.7872,33.23962,,,,, 
131.78706,33.2396,,,,, 
131.78651,33.23954,,,,, 
131.78611,33.2395,,,,, 
131.78569,33.23945,,,,, 
131.78524,33.23945,,,,, 
131.78404,33.23946,,,,, 
131.78392,33.23944,,,,, 
131.78366,33.23936,,,,, 
131.78353,33.23931,,,,, 
131.78317,33.23915,,,,, 
131.78292,33.23906,,,,, 
131.78292,33.23906,,,,, 
131.78268,33.239,,,,, 
131.78254,33.23899,,,,, 
131.7824,33.23898,,,,, 
131.78202,33.23897,,,,, 
131.78189,33.23897,,,,, 
131.78176,33.23897,,,,, 
131.78163,33.23896,,,,, 
131.78138,33.23896,,,,, 
131.78125,33.23896,,,,, 
131.78112,33.23896,,,,, 
131.78099,33.23896,,,,, 
131.7806,33.23895,,,,, 
131.78047,33.23895,,,,, 
131.78034,33.23895,,,,, 
131.7798,33.23892,,,,, 
131.77964,33.2389,,,,, 
131.77949,33.23886,,,,, 
131.77935,33.23882,,,,, 
131.77893,33.23864,,,,, 
131.77893,33.23864,,,,, 
131.77836,33.23825,,,,, 
131.77827,33.23816,,,,, 
131.77799,33.23791,,,,, 
131.7777,33.23765,,,,, 
131.77752,33.2375,,,,, 
131.77743,33.23741,,,,, 
131.77734,33.23733,,,,, 
131.77706,33.2371,,,,, 
131.77697,33.23701,,,,, 
131.7769,33.23693,,,,, 
131.7769,33.23693,,,,, 
131.77673,33.23677,,,,, 
131.77664,33.23669,,,,, 
131.77645,33.23654,,,,, 
131.77616,33.23631,,,,, 
131.77597,33.23617,,,,, 
131.77575,33.23606,,,,, 
131.77565,33.23601,,,,, 
131.77554,33.23596,,,,, 
131.77516,33.23583,,,,, 
131.77503,33.2358,,,,, 
131.77407,33.23569,,,,, 
131.77391,33.23569,,,,, 
131.77372,33.2357,,,,, 
131.77354,33.23572,,,,, 
131.77302,33.23584,,,,, 
131.77285,33.23589,,,,, 
131.77252,33.23602,,,,, 
131.7722,33.23614,,,,, 
131.77203,33.23621,,,,, 
131.77186,33.23627,,,,, 
131.77154,33.2364,,,,, 
131.7712,33.23652,,,,, 
131.77105,33.23658,,,,, 
131.77038,33.23683,,,,, 
131.77005,33.23696,,,,, 
131.76989,33.23703,,,,, 
131.7694,33.23718,,,,, 
131.76925,33.23722,,,,, 
131.76892,33.23727,,,,, 
131.76856,33.23729,,,,, 
131.76768,33.2372,,,,, 
131.76704,33.23699,,,,, 
131.76675,33.23687,,,,, 
131.76614,33.23664,,,,, 
131.76599,33.23659,,,,, 
131.76583,33.23653,,,,, 
131.76553,33.23642,,,,, 
131.76524,33.23631,,,,, 
131.76493,33.2362,,,,, 
131.76478,33.23614,,,,, 
131.76448,33.23603,,,,, 
131.76432,33.23597,,,,, 
131.7639,33.23581,,,,, 
131.76361,33.23571,,,,, 
131.76345,33.23567,,,,, 
131.76332,33.23562,,,,, 
131.76316,33.23558,,,,, 
131.76301,33.23553,,,,, 
131.76239,33.23537,,,,, 
131.76223,33.23534,,,,, 
131.7621,33.2353,,,,, 
131.76196,33.23527,,,,, 
131.76182,33.23524,,,,, 
131.76168,33.23522,,,,, 
131.76141,33.23517,,,,, 
131.76127,33.23516,,,,, 
131.76113,33.23514,,,,, 
131.761,33.23512,,,,, 
131.76086,33.23511,,,,, 
131.76074,33.23509,,,,, 
131.7606,33.23508,,,,, 
131.76046,33.23507,,,,, 
131.76019,33.23506,,,,, 
131.76005,33.23506,,,,, 
131.75978,33.23506,,,,, 
131.75965,33.23506,,,,, 
131.75819,33.23508,,,,, 
131.75805,33.23508,,,,, 
131.75793,33.23508,,,,, 
131.75779,33.23508,,,,, 
131.7574,33.23509,,,,, 
131.75726,33.23509,,,,, 
131.75712,33.23509,,,,, 
131.75698,33.2351,,,,, 
131.75686,33.2351,,,,, 
131.75659,33.23511,,,,, 
131.75643,33.23511,,,,, 
131.75616,33.23511,,,,, 
131.75604,33.23512,,,,, 
131.75592,33.23512,,,,, 
131.75566,33.23513,,,,, 
131.75541,33.23513,,,,, 
131.75529,33.23513,,,,, 
131.75517,33.23513,,,,, 
131.75505,33.23513,,,,, 
131.75479,33.23513,,,,, 
131.75466,33.23513,,,,, 
131.75453,33.23513,,,,, 
131.75439,33.23514,,,,, 
131.75425,33.23514,,,,, 
131.75411,33.23514,,,,, 
131.75398,33.23514,,,,, 
131.75398,33.23514,,,,, 
131.75338,33.23515,,,,, 
131.75294,33.23515,,,,, 
131.75279,33.23515,,,,, 
131.75265,33.23516,,,,, 
131.7525,33.23516,,,,, 
131.75221,33.23516,,,,, 
131.75192,33.23516,,,,, 
131.75163,33.23516,,,,, 
131.75148,33.23516,,,,, 
131.75103,33.23517,,,,, 
131.75088,33.23517,,,,, 
131.75041,33.23517,,,,, 
131.75024,33.23517,,,,, 
131.74957,33.23518,,,,, 
131.7494,33.23518,,,,, 
131.74923,33.23518,,,,, 
131.74906,33.23519,,,,, 
131.74871,33.23519,,,,, 
131.74855,33.2352,,,,, 
131.74838,33.2352,,,,, 
131.74804,33.23521,,,,, 
131.74771,33.23523,,,,, 
131.74755,33.23516,,,,, 
131.74754,33.23511,,,,, 
131.74755,33.23492,,,,, 
131.74755,33.23479,,,,, 
131.74755,33.23473,,,,, 
131.74755,33.23466,,,,, 
131.74746,33.23444,,,,, 
131.74745,33.23444,,,,, 
131.74745,33.23444,,,,, 
131.74745,33.23445,,,,, 
131.74743,33.23445,,,,, 
131.7474,33.23445,,,,, 
131.74734,33.23445,,,,, 
131.7471,33.23444,,,,, 
131.74703,33.23444,,,,, 
131.74699,33.23445,,,,, 
131.74691,33.23463,,,,, 
131.7469,33.23476,,,,, 
131.74691,33.23491,,,,, 
131.74691,33.23506,,,,, 
131.74691,33.23514,,,,, 
131.74691,33.23527,,,,, 
131.7469,33.23531,,,,, 
131.74688,33.23532,,,,, 
131.74674,33.23535,,,,, 
131.74659,33.23538,,,,, 
131.7465,33.2354,,,,, 
131.74641,33.23542,,,,, 
131.74641,33.23542,,,,, 
131.74641,33.23542,,,,, 
131.77203,33.23621,,,,, 
131.77186,33.23627,,,,, 
131.77154,33.2364,,,,, 
131.7712,33.23652,,,,, 
131.77105,33.23658,,,,, 
131.77038,33.23683,,,,, 
131.77005,33.23696,,,,, 
131.76989,33.23703,,,,, 
131.7694,33.23718,,,,, 
131.76925,33.23722,,,,, 
131.76892,33.23727,,,,, 
131.76856,33.23729,,,,, 
131.76768,33.2372,,,,, 
131.76704,33.23699,,,,, 
131.76675,33.23687,,,,, 
131.76614,33.23664,,,,, 
131.76599,33.23659,,,,, 
131.76583,33.23653,,,,, 
131.76553,33.23642,,,,, 
131.76524,33.23631,,,,, 
131.76493,33.2362,,,,, 
131.76478,33.23614,,,,, 
131.76448,33.23603,,,,, 
131.76432,33.23597,,,,, 
131.7639,33.23581,,,,, 
131.76361,33.23571,,,,, 
131.76345,33.23567,,,,, 
131.76332,33.23562,,,,, 
131.76316,33.23558,,,,, 
131.76301,33.23553,,,,, 
131.76239,33.23537,,,,, 
131.76223,33.23534,,,,, 
131.7621,33.2353,,,,, 
131.76196,33.23527,,,,, 
131.76182,33.23524,,,,, 
131.76168,33.23522,,,,, 
131.76141,33.23517,,,,, 
131.76127,33.23516,,,,, 
131.76113,33.23514,,,,, 
131.761,33.23512,,,,, 
131.76086,33.23511,,,,, 
131.76074,33.23509,,,,, 
131.7606,33.23508,,,,, 
131.76046,33.23507,,,,, 
131.76019,33.23506,,,,, 
131.76005,33.23506,,,,, 
131.75978,33.23506,,,,, 
131.75965,33.23506,,,,, 
131.75819,33.23508,,,,, 
131.75805,33.23508,,,,, 
131.75793,33.23508,,,,, 
131.75779,33.23508,,,,, 
131.7574,33.23509,,,,, 
131.75726,33.23509,,,,, 
131.75712,33.23509,,,,, 
131.75698,33.2351,,,,, 
131.75686,33.2351,,,,, 
131.75659,33.23511,,,,, 
131.75643,33.23511,,,,, 
131.75616,33.23511,,,,, 
131.75604,33.23512,,,,, 
131.75592,33.23512,,,,, 
131.75566,33.23513,,,,, 
131.75541,33.23513,,,,, 
131.75529,33.23513,,,,, 
131.75517,33.23513,,,,, 
131.75505,33.23513,,,,, 
131.75479,33.23513,,,,, 
131.75466,33.23513,,,,, 
131.75453,33.23513,,,,, 
131.75439,33.23514,,,,, 
131.75425,33.23514,,,,, 
131.75411,33.23514,,,,, 
131.75398,33.23514,,,,, 
131.75398,33.23514,,,,, 
131.75338,33.23515,,,,, 
131.75294,33.23515,,,,, 
131.75279,33.23515,,,,, 
131.75265,33.23516,,,,, 
131.7525,33.23516,,,,, 
131.75221,33.23516,,,,, 
131.75192,33.23516,,,,, 
131.75163,33.23516,,,,, 
131.75148,33.23516,,,,, 
131.75103,33.23517,,,,, 
131.75088,33.23517,,,,, 
131.75041,33.23517,,,,, 
131.75024,33.23517,,,,, 
131.74957,33.23518,,,,, 
131.7494,33.23518,,,,, 
131.74923,33.23518,,,,, 
131.74906,33.23519,,,,, 
131.74871,33.23519,,,,, 
131.74855,33.2352,,,,, 
131.74838,33.2352,,,,, 
131.74804,33.23521,,,,, 
131.74771,33.23523,,,,, 
131.74755,33.23516,,,,, 
131.74754,33.23511,,,,, 
131.74755,33.23492,,,,, 
131.74755,33.23479,,,,, 
131.74755,33.23473,,,,, 
131.74755,33.23466,,,,, 
131.74746,33.23444,,,,, 
131.74745,33.23444,,,,, 
131.74745,33.23444,,,,, 
131.74745,33.23445,,,,, 
131.74743,33.23445,,,,, 
131.7474,33.23445,,,,, 
131.74734,33.23445,,,,, 
131.7471,33.23444,,,,, 
131.74703,33.23444,,,,, 
131.74699,33.23445,,,,, 
131.74691,33.23463,,,,, 
131.7469,33.23476,,,,, 
131.74691,33.23491,,,,, 
131.74691,33.23506,,,,, 
131.74691,33.23514,,,,, 
131.74691,33.23527,,,,, 
131.7469,33.23531,,,,, 
131.74688,33.23532,,,,, 
131.74674,33.23535,,,,, 
131.74659,33.23538,,,,, 
131.7465,33.2354,,,,, 
131.74641,33.23542,,,,, 
131.74641,33.23542,,,,, 
131.74641,33.23542,,,,, 
131.74641,33.23542,,,,, 
131.74641,33.23542,,,,, 
131.74641,33.23542,,,,, 
131.74641,33.23542,,,,, 
,,,,,, 
,,,,,, 
,,,,,, 
,,,,,, 
,,,,,, 
,,,,,, 
,,,,,, 
,,,,,, 
,,,,,, 
,,,,,, 
,,,,,, 
,,,,,, 
,,,,,, 
,,,,,, 
,,,,,, 
,,,,,, 
,,,,,, 
,,,,,, 
,,,,,, 
,,,,,, 
,,,,,, 
,,,,,, 
,,,,,, 
,,,,,, 
,,,,,, 
,,,,,, 
,,,,,, 
,,,,,, 
,,,,,, 
,,,,,, 
,,,,,, 
,,,,,, 
,,,,,, 
,,,,,, 
,,,,,, 
,,,,,, 
,,,,,, 
,,,,,, 
,,,,,, 
,,,,,, 
,,,,,, 
,,,,,, 
,,,,,, 
,,,,,, 
,,,,,, 
,,,,,, 
,,,,,, 
,,,,,, 
,,,,,, 
,,,,,, 
,,,,,, 
,,,,,, 
,,,,,, 
,,,,,, 
,,,,,, 
,,,,,, 
,,,,,, 
,,,,,, 
,,,,,, 
,,,,,, 
,,,,,, 
,,,,,, 
,,,,,, 
,,,,,, 
,,,,,, 
,,,,,, 
,,,,,, 
,,,,,, 
,,,,,, 
,,,,,, 
,,,,,, 
,,,,,, 
,,,,,, 
,,,,,, 
,,,,,, 
,,,,,, 
,,,,,, 
,,,,,, 
,,,,,, 
,,,,,, 
,,,,,, 
,,,,,, 
,,,,,, 
,,,,,, 
,,,,,, 
,,,,,, 
,,,,,, 
,,,,,, 
,,,,,, 
,,,,,, 
,,,,,, 
,,,,,, 
,,,,,, 
,,,,,, 
,,,,,, 
,,,,,, 
,,,,,, 
,,,,,, 
,,,,,, 
,,,,,, 
,,,,,, 
,,,,,, 
,,,,,, 
,,,,,, 
,,,,,, 
,,,,,, 
,,,,,, 
,,,,,, 
,,,,,, 
,,,,,, 
,,,,,, 
,,,,,, 
,,,,,, 
,,,,,, 
,,,,,, 
,,,,,, 
,,,,,, 
,,,,,, 
,,,,,, 
,,,,,, 
,,,,,, 
,,,,,, 
,,,,,, 
,,,,,, 
,,,,,, 
,,,,,, 
,,,,,, 
,,,,,, 
,,,,,, 
,,,,,, 
,,,,,, 
,,,,,, 
,,,,,, 
,,,,,, 
,,,,,, 
,,,,,, 
,,,,,, 
,,,,,, 
,,,,,, 
,,,,,, 
,,,,,, 
,,,,,, 
,,,,,, 
,,,,,, 
,,,,,, 
,,,,,, 
,,,,,, 
,,,,,, 
,,,,,, 
,,,,,, 
,,,,,, 
,,,,,, 
,,,,,, 
,,,,,, 
,,,,,, 
,,,,,, 
,,,,,, 
,,,,,, 
,,,,,, 
,,,,,, 
,,,,,, 
,,,,,, 
,,,,,, 
,,,,,, 
,,,,,, 
,,,,,, 
,,,,,, 
,,,,,, 
,,,,,, 
,,,,,, 
,,,,,, 
,,,,,, 
,,,,,, 
,,,,,, 
,,,,,, 
,,,,,, 
,,,,,, 
,,,,,, 
,,,,,, 
,,,,,, 
,,,,,, 
,,,,,, 
,,,,,, 
,,,,,, 
,,,,,, 
,,,,,, 
,,,,,, 
,,,,,, 
,,,,,, 
,,,,,, 
,,,,,, 
,,,,,, 
,,,,,, 
,,,,,, 
,,,,,, 
,,,,,, 
,,,,,, 
,,,,,, 
,,,,,, 
,,,,,, 
,,,,,, 
,,,,,, 
,,,,,, 
,,,,,, 
,,,,,, 
,,,,,, 
,,,,,, 
,,,,,, 
,,,,,, 
,,,,,, 
,,,,,, 
,,,,,, 
,,,,,, 
,,,,,, 
,,,,,, 
,,,,,, 
,,,,,, 
,,,,,, 
,,,,,, 
,,,,,, 
,,,,,, 
,,,,,, 
,,,,,, 
,,,,,, 
,,,,,, 
,,,,,, 
,,,,,, 
,,,,,, 
,,,,,, 
,,,,,, 
,,,,,, 
,,,,,, 
,,,,,, 
,,,,,, 
,,,,,, 
,,,,,, 
,,,,,, 
,,,,,, 
,,,,,, 
,,,,,, 
,,,,,, 
,,,,,, 
,,,,,, 
,,,,,, 
,,,,,, 
,,,,,, 
,,,,,, 
,,,,,, 
,,,,,, 
,,,,,, 
,,,,,, 
,,,,,, 
,,,,,, 
,,,,,, 
,,,,,, 
,,,,,, 
,,,,,, 
,,,,,, 
,,,,,, 
,,,,,, 
,,,,,, 
,,,,,, 
,,,,,, 
,,,,,, 
,,,,,, 
,,,,,, 
,,,,,, 
,,,,,, 
,,,,,, 
,,,,,, 
,,,,,, 
,,,,,, 
,,,,,, 
,,,,,, 
,,,,,, 
,,,,,, 
,,,,,, 
,,,,,, 
,,,,,, 
,,,,,, 
,,,,,, 
,,,,,, 
,,,,,, 
,,,,,, 
,,,,,, 
,,,,,, 
,,,,,, 
,,,,,, 
,,,,,, 
,,,,,, 
,,,,,, 
,,,,,, 
,,,,,, 
,,,,,, 
,,,,,, 
,,,,,, 
,,,,,, 
,,,,,, 
,,,,,, 
,,,,,, 
,,,,,, 
,,,,,, 
,,,,,, 
,,,,,, 
,,,,,, 
,,,,,, 
,,,,,, 
,,,,,, 
,,,,,, 
,,,,,, 
,,,,,, 
,,,,,, 
,,,,,, 
,,,,,, 
,,,,,, 
,,,,,, 
,,,,,, 
,,,,,, 
,,,,,, 
,,,,,, 
,,,,,, 
,,,,,, 
,,,,,, 
,,,,,, 
,,,,,, 
,,,,,, 
,,,,,, 
,,,,,, 
,,,,,, 
,,,,,, 
,,,,,, 
,,,,,, 
,,,,,, 
,,,,,, 
,,,,,, 
,,,,,, 
,,,,,, 
,,,,,, 
,,,,,, 
,,,,,, 
,,,,,, 
,,,,,, 
,,,,,, 
,,,,,, 
,,,,,, 
,,,,,, 
,,,,,, 
,,,,,, 
,,,,,, 
,,,,,, 
,,,,,, 
,,,,,, 
,,,,,, 
,,,,,, 
,,,,,, 
,,,,,, 
,,,,,, 
,,,,,, 
,,,,,, 
,,,,,, 
,,,,,, 
,,,,,, 
,,,,,, 
,,,,,, 
,,,,,, 
,,,,,, 
,,,,,, 
,,,,,, 
,,,,,, 
,,,,,, 
,,,,,, 
,,,,,, 
,,,,,, 
,,,,,, 
,,,,,, 
,,,,,, 
,,,,,, 
,,,,,, 
,,,,,, 
,,,,,, 
,,,,,, 
,,,,,, 
,,,,,, 
,,,,,, 
,,,,,, 
,,,,,, 
,,,,,, 
,,,,,, 
,,,,,, 
,,,,,, 
,,,,,, 
,,,,,, 
,,,,,, 
,,,,,, 
,,,,,, 
,,,,,, 
,,,,,, 
,,,,,, 
,,,,,, 
,,,,,, 
,,,,,, 
,,,,,, 
,,,,,, 
,,,,,, 
,,,,,, 
,,,,,, 
,,,,,, 
,,,,,, 
,,,,,, 
,,,,,, 
,,,,,, 
,,,,,, 
,,,,,, 
,,,,,, 
,,,,,, 
,,,,,, 
,,,,,, 
,,,,,, 
,,,,,, 
,,,,,, 
,,,,,, 
,,,,,, 
,,,,,, 
,,,,,, 
,,,,,, 
,,,,,, 
,,,,,, 
,,,,,, 
,,,,,, 
,,,,,, 
,,,,,, 
,,,,,, 
,,,,,, 
,,,,,, 
,,,,,, 
,,,,,, 
,,,,,, 
,,,,,, 
,,,,,, 
,,,,,, 
,,,,,, 
,,,,,, 
,,,,,, 
,,,,,, 
,,,,,, 
,,,,,, 
,,,,,, 
,,,,,, 
,,,,,, 
,,,,,, 
,,,,,, 
,,,,,, 
,,,,,, 
,,,,,, 
,,,,,, 
,,,,,, 
,,,,,, 
,,,,,, 
,,,,,, 
,,,,,, 
,,,,,, 
,,,,,, 
,,,,,, 
,,,,,, 
,,,,,, 
,,,,,, 
,,,,,, 
,,,,,, 
,,,,,, 
,,,,,, 
,,,,,, 
,,,,,, 
,,,,,, 
,,,,,, 
,,,,,, 
,,,,,, 
,,,,,, 
,,,,,, 
,,,,,, 
,,,,,, 
,,,,,, 
,,,,,, 
,,,,,, 
,,,,,, 
,,,,,, 
,,,,,, 
,,,,,, 
,,,,,, 
,,,,,, 
,,,,,, 
,,,,,, 
,,,,,, 
,,,,,, 
,,,,,, 
,,,,,, 
,,,,,, 
,,,,,, 
,,,,,, 
,,,,,, 
,,,,,, 
,,,,,, 
,,,,,, 
,,,,,, 
,,,,,, 
,,,,,, 
,,,,,, 
,,,,,, 
,,,,,, 
,,,,,, 
,,,,,, 
,,,,,, 
,,,,,, 
,,,,,, 
,,,,,, 
,,,,,, 
,,,,,, 
,,,,,, 
,,,,,, 
,,,,,, 
,,,,,, 
,,,,,, 
,,,,,, 
,,,,,, 
,,,,,, 
,,,,,, 
,,,,,, 
,,,,,, 
,,,,,, 
,,,,,, 
,,,,,, 
,,,,,, 
,,,,,, 
,,,,,, 
,,,,,, 
,,,,,, 
,,,,,, 
,,,,,, 
,,,,,, 
,,,,,, 
,,,,,, 
,,,,,, 
,,,,,, 
,,,,,, 
,,,,,, 
,,,,,, 
,,,,,, 
,,,,,, 
,,,,,, 
,,,,,, 
,,,,,, 
,,,,,, 
,,,,,, 
,,,,,, 
,,,,,, 
,,,,,, 
,,,,,, 
,,,,,, 
,,,,,, 
,,,,,, 
,,,,,, 
,,,,,, 
,,,,,, 
,,,,,, 
,,,,,, 
,,,,,, 
,,,,,, 
,,,,,, 
,,,,,, 
,,,,,, 
,,,,,, 
,,,,,, 
,,,,,, 
,,,,,, 
,,,,,, 
,,,,,, 
,,,,,, 
,,,,,, 
,,,,,, 
,,,,,, 
,,,,,, 
,,,,,, 
,,,,,, 
,,,,,, 
,,,,,, 
,,,,,, 
,,,,,, 
,,,,,, 
,,,,,, 
,,,,,, 
,,,,,, 
,,,,,, 
,,,,,, 
,,,,,, 
,,,,,, 
,,,,,, 
,,,,,, 
,,,,,, 
,,,,,, 
,,,,,, 
,,,,,, 
,,,,,, 
,,,,,, 
,,,,,, 
,,,,,, 
,,,,,, 
,,,,,, 
,,,,,, 
,,,,,, 
,,,,,, 
,,,,,, 
,,,,,, 
,,,,,, 
,,,,,, 
,,,,,, 
,,,,,, 
,,,,,, 
,,,,,, 
,,,,,, 
,,,,,, 
,,,,,, 
,,,,,, 
,,,,,, 
,,,,,, 
,,,,,, 
,,,,,, 
,,,,,, 
,,,,,, 
,,,,,, 
,,,,,, 
,,,,,, 
,,,,,, 
,,,,,, 
,,,,,, 
,,,,,, 
,,,,,, 
,,,,,, 
,,,,,, 
,,,,,, 
,,,,,, 
,,,,,, 
,,,,,, 
,,,,,, 
,,,,,, 
,,,,,, 
,,,,,, 
,,,,,, 
,,,,,, 
,,,,,, 
,,,,,, 
,,,,,, 
,,,,,, 
,,,,,, 
,,,,,, 
,,,,,, 
,,,,,, 
,,,,,, 
,,,,,, 
,,,,,, 
,,,,,, 
,,,,,, 
,,,,,, 
,,,,,, 
,,,,,, 
,,,,,, 
,,,,,, 
,,,,,, 
,,,,,, 
,,,,,, 
,,,,,, 
,,,,,, 
,,,,,, 
,,,,,, 
,,,,,, 
,,,,,, 
,,,,,, 
,,,,,, 
,,,,,, 
,,,,,, 
,,,,,, 
,,,,,, 
,,,,,, 
,,,,,, 
,,,,,, 
,,,,,, 
,,,,,, 
,,,,,, 
,,,,,, 
,,,,,, 
,,,,,, 
,,,,,, 
,,,,,, 
,,,,,, 
,,,,,, 
,,,,,, 
,,,,,, 
,,,,,, 
,,,,,, 
,,,,,, 
,,,,,, 
,,,,,, 
,,,,,, 
,,,,,, 
,,,,,, 
,,,,,, 
,,,,,, 
,,,,,, 
,,,,,, 
,,,,,, 
,,,,,, 
,,,,,, 
,,,,,, 
,,,,,, 
,,,,,, 
,,,,,, 
,,,,,, 
,,,,,, 
,,,,,, 
,,,,,, 
,,,,,, 
,,,,,, 
,,,,,, 
,,,,,, 
,,,,,, 
,,,,,, 
,,,,,, 
,,,,,, 
,,,,,, 
,,,,,, 
,,,,,, 
,,,,,, 
,,,,,, 
,,,,,, 
,,,,,, 
,,,,,, 
,,,,,, 
,,,,,, 
,,,,,, 
,,,,,, 
,,,,,, 
,,,,,, 
,,,,,, 
,,,,,, 
,,,,,, 
,,,,,, 
,,,,,, 
,,,,,, 
,,,,,, 
,,,,,, 
,,,,,, 
,,,,,, 
,,,,,, 
,,,,,, 
,,,,,, 
,,,,,, 
,,,,,, 
,,,,,, 
,,,,,, 
,,,,,, 
,,,,,, 
,,,,,, 
,,,,,, 
,,,,,, 
,,,,,, 
,,,,,, 
,,,,,, 
,,,,,, 
,,,,,, 
,,,,,, 
,,,,,, 
,,,,,, 
,,,,,, 
,,,,,, 
,,,,,, 
,,,,,, 
,,,,,, 
,,,,,, 
,,,,,, 
,,,,,, 
,,,,,, 
,,,,,, 
,,,,,, 
,,,,,, 
,,,,,, 
,,,,,, 
,,,,,, 
,,,,,, 
,,,,,, 
,,,,,, 
,,,,,, 
,,,,,, 
,,,,,, 
,,,,,, 
,,,,,, 
,,,,,, 
,,,,,, 
,,,,,, 
,,,,,, 
,,,,,, 
,,,,,, 
,,,,,, 
,,,,,, 
,,,,,, 
,,,,,, 
,,,,,, 
,,,,,, 
,,,,,, 
,,,,,, 
,,,,,, 
,,,,,, 
,,,,,, 
,,,,,, 
,,,,,, 
,,,,,, 
,,,,,, 
,,,,,, 
,,,,,, 
,,,,,, 
,,,,,, 
,,,,,, 
,,,,,, 
,,,,,, 
,,,,,, 
,,,,,, 
,,,,,, 
,,,,,, 
,,,,,, 
,,,,,, 
,,,,,, 
,,,,,, 
,,,,,, 
,,,,,, 
,,,,,, 
,,,,,, 
,,,,,, 
,,,,,, 
,,,,,, 
,,,,,, 
,,,,,, 
,,,,,, 
,,,,,, 
,,,,,, 
,,,,,, 
,,,,,, 
,,,,,, 
,,,,,, 
,,,,,, 
,,,,,, 
,,,,,, 
,,,,,, 
,,,,,, 
,,,,,, 
,,,,,, 
,,,,,, 
,,,,,, 
,,,,,, 
,,,,,, 
,,,,,, 
,,,,,, 
,,,,,, 
,,,,,, 
,,,,,, 
,,,,,, 
,,,,,, 
,,,,,, 
,,,,,, 
,,,,,, 
,,,,,, 
,,,,,, 
,,,,,, 
,,,,,, 
,,,,,, 
,,,,,, 
,,,,,, 
,,,,,, 
,,,,,, 
,,,,,, 
,,,,,, 
,,,,,, 
,,,,,, 
,,,,,, 
,,,,,, 
,,,,,, 
,,,,,, 
,,,,,, 
,,,,,, 
,,,,,, 
,,,,,, 
,,,,,, 
,,,,,, 
,,,,,, 
,,,,,, 
,,,,,, 
,,,,,, 
,,,,,, 
,,,,,, 
,,,,,, 
,,,,,, 
,,,,,, 
,,,,,, 
,,,,,, 
,,,,,, 
,,,,,, 
,,,,,, 
,,,,,, 
,,,,,, 
,,,,,, 
,,,,,, 
,,,,,, 
,,,,,, 
,,,,,, 
,,,,,, 
,,,,,, 
,,,,,, 
,,,,,, 
,,,,,, 
,,,,,, 
,,,,,, 
,,,,,, 
,,,,,, 
,,,,,, 
,,,,,, 
,,,,,, 
,,,,,, 
,,,,,, 
,,,,,, 
,,,,,, 
,,,,,, 
,,,,,, 
,,,,,, 
,,,,,, 
,,,,,, 
,,,,,, 
,,,,,, 
,,,,,, 
,,,,,, 
,,,,,, 
,,,,,, 
,,,,,, 
,,,,,, 
,,,,,, 
,,,,,, 
,,,,,, 
,,,,,, 
,,,,,, 
,,,,,, 
,,,,,, 
,,,,,, 
,,,,,, 
,,,,,, 
,,,,,, 
,,,,,, 
,,,,,, 
,,,,,, 
,,,,,, 
,,,,,, 
,,,,,, 
,,,,,, 
,,,,,, 
,,,,,, 
,,,,,, 
,,,,,, 
,,,,,, 
,,,,,, 
,,,,,, 
,,,,,, 
,,,,,, 
,,,,,, 
,,,,,, 
,,,,,, 
,,,,,, 
,,,,,, 
,,,,,, 
,,,,,, 
,,,,,, 
,,,,,, 
,,,,,, 
,,,,,, 
,,,,,, 
,,,,,, 
,,,,,, 
,,,,,, 
,,,,,, 
,,,,,, 
,,,,,, 
,,,,,, 
,,,,,, 
,,,,,, 
,,,,,, 
,,,,,, 
,,,,,, 
,,,,,, 
,,,,,, 
,,,,,, 
,,,,,, 
,,,,,, 
,,,,,, 
,,,,,, 
,,,,,, 
,,,,,, 
,,,,,, 
,,,,,, 
,,,,,, 
,,,,,, 
,,,,,, 
,,,,,, 
,,,,,, 
,,,,,, 
,,,,,, 
,,,,,, 
,,,,,, 
,,,,,, 
,,,,,, 
,,,,,, 
,,,,,, 
,,,,,, 
,,,,,, 
,,,,,, 
,,,,,, 
,,,,,, 
,,,,,, 
,,,,,, 
,,,,,, 
,,,,,, 
,,,,,, 
,,,,,, 
,,,,,, 
,,,,,, 
,,,,,, 
,,,,,, 
,,,,,, 
,,,,,, 
,,,,,, 
,,,,,, 
,,,,,, 
,,,,,, 
,,,,,, 
,,,,,, 
,,,,,, 
,,,,,, 
,,,,,, 
,,,,,, 
,,,,,, 
,,,,,, 
,,,,,, 
,,,,,, 
,,,,,, 
,,,,,, 
,,,,,, 
,,,,,, 
,,,,,, 
,,,,,, 
,,,,,, 
,,,,,, 
,,,,,, 
,,,,,, 
,,,,,, 
,,,,,, 
,,,,,, 
,,,,,, 
,,,,,, 
,,,,,, 
,,,,,, 
,,,,,, 
,,,,,, 
,,,,,, 
,,,,,, 
,,,,,, 
,,,,,, 
,,,,,, 
,,,,,, 
,,,,,, 
,,,,,, 
,,,,,, 
,,,,,, 
,,,,,, 
,,,,,, 
,,,,,, 
,,,,,, 
,,,,,, 
,,,,,, 
,,,,,, 
,,,,,, 
,,,,,, 
,,,,,, 
,,,,,, 
,,,,,, 
,,,,,, 
,,,,,, 
,,,,,, 
,,,,,, 
,,,,,, 
,,,,,, 
,,,,,, 
,,,,,, 
,,,,,, 
,,,,,, 
,,,,,, 
,,,,,, 
,,,,,, 
,,,,,, 
,,,,,, 
,,,,,, 
,,,,,, 
,,,,,, 
,,,,,, 
,,,,,, 
,,,,,, 
,,,,,, 
,,,,,, 
,,,,,, 
,,,,,, 
,,,,,, 
,,,,,, 
,,,,,, 
,,,,,, 
,,,,,, 
,,,,,, 
,,,,,, 
,,,,,, 
,,,,,, 
,,,,,, 
,,,,,, 
,,,,,, 
,,,,,, 
,,,,,, 
,,,,,, 
,,,,,, 
,,,,,, 
,,,,,, 
,,,,,, 
,,,,,, 
,,,,,, 
,,,,,, 
,,,,,, 
,,,,,, 
,,,,,, 
,,,,,, 
,,,,,, 
,,,,,, 
,,,,,, 
,,,,,, 
,,,,,, 
,,,,,, 
,,,,,, 
,,,,,, 
,,,,,, 
,,,,,, 
,,,,,, 
,,,,,, 
,,,,,, 
,,,,,, 
,,,,,, 
,,,,,, 
,,,,,, 
,,,,,, 
,,,,,, 
,,,,,, 
,,,,,, 
,,,,,, 
,,,,,, 
,,,,,, 
,,,,,, 
,,,,,, 
,,,,,, 
,,,,,, 
,,,,,, 
,,,,,, 
,,,,,, 
,,,,,, 
,,,,,, 
,,,,,, 
,,,,,, 
,,,,,, 
,,,,,, 
,,,,,, 
,,,,,, 
,,,,,, 
,,,,,, 
,,,,,, 
,,,,,, 
,,,,,, 
,,,,,, 
,,,,,, 
,,,,,, 
,,,,,, 
,,,,,, 
,,,,,, 
,,,,,, 
,,,,,, 
,,,,,, 
,,,,,, 
,,,,,, 
,,,,,, 
,,,,,, 
,,,,,, 
,,,,,, 
,,,,,, 
,,,,,, 
,,,,,, 
,,,,,, 
,,,,,, 
,,,,,, 
,,,,,, 
,,,,,, 
,,,,,, 
,,,,,, 
,,,,,, 
,,,,,, 
,,,,,, 
,,,,,, 
,,,,,, 
,,,,,, 
,,,,,, 
,,,,,, 
,,,,,, 
,,,,,, 
,,,,,, 
,,,,,, 
,,,,,, 
,,,,,, 
,,,,,, 
,,,,,, 
,,,,,, 
,,,,,, 
,,,,,, 
,,,,,, 
,,,,,, 
,,,,,, 
,,,,,, 
,,,,,, 
,,,,,, 
,,,,,, 
,,,,,, 
,,,,,, 
,,,,,, 
,,,,,, 
,,,,,, 
,,,,,, 
,,,,,, 
,,,,,, 
,,,,,, 
,,,,,, 
,,,,,, 
,,,,,, 
,,,,,, 
,,,,,, 
,,,,,, 
,,,,,, 
,,,,,, 
,,,,,, 
,,,,,, 
,,,,,, 
,,,,,, 
,,,,,, 
,,,,,, 
,,,,,, 
,,,,,, 
,,,,,, 
,,,,,, 
,,,,,, 
,,,,,, 
,,,,,, 
,,,,,, 
,,,,,, 
,,,,,, 
,,,,,, 
,,,,,, 
,,,,,, 
,,,,,, 
,,,,,, 
,,,,,, 
,,,,,, 
,,,,,, 
,,,,,, 
,,,,,, 
,,,,,, 
,,,,,, 
,,,,,, 
,,,,,, 
,,,,,, 
,,,,,, 
,,,,,, 
,,,,,, 
,,,,,, 
,,,,,, 
,,,,,, 
,,,,,, 
,,,,,, 
,,,,,, 
,,,,,, 
,,,,,, 
,,,,,, 
,,,,,, 
,,,,,, 
,,,,,, 
,,,,,, 
,,,,,, 
,,,,,, 
,,,,,, 
,,,,,, 
,,,,,, 
,,,,,, 
,,,,,, 
,,,,,, 
,,,,,, 
,,,,,, 
,,,,,, 
,,,,,, 
,,,,,, 
,,,,,, 
,,,,,, 
,,,,,, 
,,,,,, 
,,,,,, 
,,,,,, 
,,,,,, 
,,,,,, 
,,,,,, 
,,,,,, 
,,,,,, 
,,,,,, 
,,,,,, 
,,,,,, 
,,,,,, 
,,,,,, 
,,,,,, 
,,,,,, 
,,,,,, 
,,,,,, 
,,,,,, 
,,,,,, 
,,,,,, 
,,,,,, 
,,,,,, 
,,,,,, 
,,,,,, 
,,,,,, 
,,,,,, 
,,,,,, 
,,,,,, 
,,,,,, 
,,,,,, 
,,,,,, 
,,,,,, 
,,,,,, 
,,,,,, 
,,,,,, 
,,,,,, 
,,,,,, 
,,,,,, 
,,,,,, 
,,,,,, 
,,,,,, 
,,,,,, 
,,,,,, 
,,,,,, 
,,,,,, 
,,,,,, 
,,,,,, 
,,,,,, 
,,,,,, 
,,,,,, 
,,,,,, 
,,,,,, 
,,,,,, 
,,,,,, 
,,,,,, 
,,,,,, 
,,,,,, 
,,,,,, 
,,,,,, 
,,,,,, 
,,,,,, 
,,,,,, 
,,,,,, 
,,,,,, 
,,,,,, 
,,,,,, 
,,,,,, 
,,,,,, 
,,,,,, 
,,,,,, 
,,,,,, 
,,,,,, 
,,,,,, 
,,,,,, 
,,,,,, 
,,,,,, 
,,,,,, 
,,,,,, 
,,,,,, 
,,,,,, 
,,,,,, 
,,,,,, 
,,,,,, 
,,,,,, 
,,,,,, 
,,,,,, 
,,,,,, 
,,,,,, 
,,,,,, 
,,,,,, 
,,,,,, 
,,,,,, 
,,,,,, 
,,,,,, 
,,,,,, 
,,,,,, 
,,,,,, 
,,,,,, 
,,,,,, 
,,,,,, 
,,,,,, 
,,,,,, 
,,,,,, 
,,,,,, 
,,,,,, 
,,,,,, 
,,,,,, 
,,,,,, 
,,,,,, 
,,,,,, 
,,,,,, 
,,,,,, 
,,,,,, 
,,,,,, 
,,,,,, 
,,,,,, 
,,,,,, 
,,,,,, 
,,,,,, 
,,,,,, 
,,,,,, 
,,,,,, 
,,,,,, 
,,,,,, 
,,,,,, 
,,,,,, 
,,,,,, 
,,,,,, 
,,,,,, 
,,,,,, 
,,,,,, 
,,,,,, 
,,,,,, 
,,,,,, 
,,,,,, 
,,,,,, 
,,,,,, 
,,,,,, 
,,,,,, 
,,,,,, 
,,,,,, 
,,,,,, 
,,,,,, 
,,,,,, 
,,,,,, 
,,,,,, 
,,,,,, 
,,,,,, 
,,,,,, 
,,,,,, 
,,,,,, 
,,,,,, 
,,,,,, 
,,,,,, 
,,,,,, 
,,,,,, 
,,,,,, 
,,,,,, 
,,,,,, 
,,,,,, 
,,,,,, 
,,,,,, 
,,,,,, 
,,,,,, 
,,,,,, 
,,,,,, 
,,,,,, 
,,,,,, 
,,,,,, 
,,,,,, 
,,,,,, 
,,,,,, 
,,,,,, 
,,,,,, 
,,,,,, 
,,,,,, 
,,,,,, 
,,,,,, 
,,,,,, 
,,,,,, 
,,,,,, 
,,,,,, 
,,,,,, 
,,,,,, 
,,,,,, 
,,,,,, 
,,,,,, 
,,,,,, 
,,,,,, 
,,,,,, 
,,,,,, 
,,,,,, 
,,,,,, 
,,,,,, 
,,,,,, 
,,,,,, 
,,,,,, 
,,,,,, 
,,,,,, 
,,,,,, 
,,,,,, 
,,,,,, 
,,,,,, 
,,,,,, 
,,,,,, 
,,,,,, 
,,,,,, 
,,,,,, 
,,,,,, 
,,,,,, 
,,,,,, 
,,,,,, 
,,,,,, 
,,,,,, 
,,,,,, 
,,,,,, 
,,,,,, 
,,,,,, 
,,,,,, 
,,,,,, 
,,,,,, 
,,,,,, 
,,,,,, 
,,,,,, 
,,,,,, 
,,,,,, 
,,,,,, 
,,,,,, 
,,,,,, 
,,,,,, 
,,,,,, 
,,,,,, 
,,,,,, 
,,,,,, 
,,,,,, 
,,,,,, 
,,,,,, 
,,,,,, 
,,,,,, 
,,,,,, 
,,,,,, 
,,,,,, 
,,,,,, 
,,,,,, 
,,,,,, 
,,,,,, 
,,,,,, 
,,,,,, 
,,,,,, 
,,,,,, 
,,,,,, 
,,,,,, 
,,,,,, 
,,,,,, 
,,,,,, 
,,,,,, 
,,,,,, 
,,,,,, 
,,,,,, 
,,,,,, 
,,,,,, 
,,,,,, 
,,,,,, 
,,,,,, 
,,,,,, 
,,,,,, 
,,,,,, 
,,,,,, 
,,,,,, 
,,,,,, 
,,,,,, 
,,,,,, 
,,,,,, 
,,,,,, 
,,,,,, 
,,,,,, 
,,,,,, 
,,,,,, 
,,,,,, 
,,,,,, 
,,,,,, 
,,,,,, 
,,,,,, 
,,,,,, 
,,,,,, 
,,,,,, 
,,,,,, 
,,,,,, 
,,,,,, 
,,,,,, 
,,,,,, 
,,,,,, 
,,,,,, 
,,,,,, 
,,,,,, 
,,,,,, 
,,,,,, 
,,,,,, 
,,,,,, 
,,,,,, 
,,,,,, 
,,,,,, 
,,,,,, 
,,,,,, 
,,,,,, 
,,,,,, 
,,,,,, 
,,,,,, 
,,,,,, 
,,,,,, 
,,,,,, 
,,,,,, 
,,,,,, 
,,,,,, 
,,,,,, 
,,,,,, 
,,,,,, 
,,,,,, 
,,,,,, 
,,,,,, 
,,,,,, 
,,,,,, 
,,,,,, 
,,,,,, 
,,,,,, 
,,,,,, 
,,,,,, 
,,,,,, 
,,,,,, 
,,,,,, 
,,,,,, 
,,,,,, 
,,,,,, 
,,,,,, 
,,,,,, 
,,,,,, 
,,,,,, 
,,,,,, 
,,,,,, 
,,,,,, 
,,,,,, 
,,,,,, 
,,,,,, 
,,,,,, 
,,,,,, 
,,,,,, 
,,,,,, 
,,,,,, 
,,,,,, 
,,,,,, 
,,,,,, 
,,,,,, 
,,,,,, 
,,,,,, 
,,,,,, 
,,,,,, 
,,,,,, 
,,,,,, 
,,,,,, 
,,,,,, 
,,,,,, 
,,,,,, 
,,,,,, 
,,,,,, 
,,,,,, 
,,,,,, 
,,,,,, 
,,,,,, 
,,,,,, 
,,,,,, 
,,,,,, 
,,,,,, 
,,,,,, 
,,,,,, 
,,,,,, 
,,,,,, 
,,,,,, 
,,,,,, 
,,,,,, 
,,,,,, 
,,,,,, 
,,,,,, 
,,,,,, 
,,,,,, 
,,,,,, 
,,,,,, 
,,,,,, 
,,,,,, 
,,,,,, 
,,,,,, 
,,,,,, 
,,,,,, 
,,,,,, 
,,,,,, 
,,,,,, 
,,,,,, 
,,,,,, 
,,,,,, 
,,,,,, 
,,,,,, 
,,,,,, 
,,,,,, 
,,,,,, 
,,,,,, 
,,,,,, 
,,,,,, 
,,,,,, 
,,,,,, 
,,,,,, 
,,,,,, 
,,,,,, 
,,,,,, 
,,,,,, 
,,,,,, 
,,,,,, 
,,,,,, 
,,,,,, 
,,,,,, 
,,,,,, 
,,,,,, 
,,,,,, 
,,,,,, 
,,,,,, 
,,,,,, 
,,,,,, 
,,,,,, 
,,,,,, 
,,,,,, 
,,,,,, 
,,,,,, 
,,,,,, 
,,,,,, 
,,,,,, 
,,,,,, 
,,,,,, 
,,,,,, 
,,,,,, 
,,,,,, 
,,,,,, 
,,,,,, 
,,,,,, 
,,,,,, 
,,,,,, 
,,,,,, 
,,,,,, 
,,,,,, 
,,,,,, 
,,,,,, 
,,,,,, 
,,,,,, 
,,,,,, 
,,,,,, 
,,,,,, 
,,,,,, 
,,,,,, 
,,,,,, 
,,,,,, 
,,,,,, 
,,,,,, 
,,,,,, 
,,,,,, 
,,,,,, 
,,,,,, 
,,,,,, 
,,,,,, 
,,,,,, 
,,,,,, 
,,,,,, 
,,,,,, 
,,,,,, 
,,,,,, 
,,,,,, 
,,,,,, 
,,,,,, 
,,,,,, 
,,,,,, 
,,,,,, 
,,,,,, 
,,,,,, 
,,,,,, 
,,,,,, 
,,,,,, 
,,,,,, 
,,,,,, 
,,,,,, 
,,,,,, 
,,,,,, 
,,,,,, 
,,,,,, 
,,,,,, 
,,,,,, 
,,,,,, 
,,,,,, 
,,,,,, 
,,,,,, 
,,,,,, 
,,,,,, 
,,,,,, 
,,,,,, 
,,,,,, 
,,,,,, 
,,,,,, 
,,,,,, 
,,,,,, 
,,,,,, 
,,,,,, 
,,,,,, 
,,,,,, 
,,,,,, 
,,,,,, 
,,,,,, 
,,,,,, 
,,,,,, 
,,,,,, 
,,,,,, 
,,,,,, 
,,,,,, 
,,,,,, 
,,,,,, 
,,,,,, 
,,,,,, 
,,,,,, 
,,,,,, 
,,,,,, 
,,,,,, 
,,,,,, 
,,,,,, 
,,,,,, 
,,,,,, 
,,,,,, 
,,,,,, 
,,,,,, 
,,,,,, 
,,,,,, 
,,,,,, 
,,,,,, 
,,,,,, 
,,,,,, 
,,,,,, 
,,,,,, 
,,,,,, 
,,,,,, 
,,,,,, 
,,,,,, 
,,,,,, 
,,,,,, 
,,,,,, 
,,,,,, 
,,,,,, 
,,,,,, 
,,,,,, 
,,,,,, 
,,,,,, 
,,,,,, 
,,,,,, 
,,,,,, 
,,,,,, 
,,,,,, 
,,,,,, 
,,,,,, 
,,,,,, 
,,,,,, 
,,,,,, 
,,,,,, 
,,,,,, 
,,,,,, 
,,,,,, 
,,,,,, 
,,,,,, 
,,,,,, 
,,,,,, 
,,,,,, 
,,,,,, 
,,,,,, 
,,,,,, 
,,,,,, 
,,,,,, 
,,,,,, 
,,,,,, 
,,,,,, 
,,,,,, 
,,,,,, 
,,,,,, 
,,,,,, 
,,,,,, 
,,,,,, 
,,,,,, 
,,,,,, 
,,,,,, 
,,,,,, 
,,,,,, 
,,,,,, 
,,,,,, 
,,,,,, 
,,,,,, 
,,,,,, 
,,,,,, 
,,,,,, 
,,,,,, 
,,,,,, 
,,,,,, 
,,,,,, 
,,,,,, 
,,,,,, 
,,,,,, 
,,,,,, 
,,,,,, 
,,,,,, 
,,,,,, 
,,,,,, 
,,,,,, 
,,,,,, 
,,,,,, 
,,,,,, 
,,,,,, 
,,,,,, 
,,,,,, 
,,,,,, 
,,,,,, 
,,,,,, 
,,,,,, 
,,,,,, 
,,,,,, 
,,,,,, 
,,,,,, 
,,,,,, 
,,,,,, 
,,,,,, 
,,,,,, 
,,,,,, 
,,,,,, 
,,,,,, 
,,,,,, 
,,,,,, 
,,,,,, 
,,,,,, 
,,,,,, 
,,,,,, 
,,,,,, 
,,,,,, 
,,,,,, 
,,,,,, 
,,,,,, 
,,,,,, 
,,,,,, 
,,,,,, 
,,,,,, 
,,,,,, 
,,,,,, 
,,,,,, 
,,,,,, 
,,,,,, 
,,,,,, 
,,,,,, 
,,,,,, 
,,,,,, 
,,,,,, 
,,,,,, 
,,,,,, 
,,,,,, 
,,,,,, 
,,,,,, 
,,,,,, 
,,,,,, 
,,,,,, 
,,,,,, 
,,,,,, 
,,,,,, 
,,,,,, 
,,,,,, 
,,,,,, 
,,,,,, 
,,,,,, 
,,,,,, 
,,,,,, 
,,,,,, 
,,,,,, 
,,,,,, 
,,,,,, 
,,,,,, 
,,,,,, 
,,,,,, 
,,,,,, 
,,,,,, 
,,,,,, 
,,,,,, 
,,,,,, 
,,,,,, 
,,,,,, 
,,,,,, 
,,,,,, 
,,,,,, 
,,,,,, 
,,,,,, 
,,,,,, 
,,,,,, 
,,,,,, 
,,,,,, 
,,,,,, 
,,,,,, 
,,,,,, 
,,,,,, 
,,,,,, 
,,,,,, 
,,,,,, 
,,,,,, 
,,,,,, 
,,,,,, 
,,,,,, 
,,,,,, 
,,,,,, 
,,,,,, 
,,,,,, 
,,,,,, 
,,,,,, 
,,,,,, 
,,,,,, 
,,,,,, 
,,,,,, 
,,,,,, 
,,,,,, 
,,,,,, 
,,,,,, 
,,,,,, 
,,,,,, 
,,,,,, 
,,,,,, 
,,,,,, 
,,,,,, 
,,,,,, 
,,,,,, 
,,,,,, 
,,,,,, 
,,,,,, 
,,,,,, 
,,,,,, 
,,,,,, 
,,,,,, 
,,,,,, 
,,,,,, 
,,,,,, 
,,,,,, 
,,,,,, 
,,,,,, 
,,,,,, 
,,,,,, 
,,,,,, 
,,,,,, 
,,,,,, 
,,,,,, 
,,,,,, 
,,,,,, 
,,,,,, 
,,,,,, 
,,,,,, 
,,,,,, 
,,,,,, 
,,,,,, 
,,,,,, 
,,,,,, 
,,,,,, 
,,,,,, 
,,,,,, 
,,,,,, 
,,,,,, 
,,,,,, 
,,,,,, 
,,,,,, 
,,,,,, 
,,,,,, 
,,,,,, 
,,,,,, 
,,,,,, 
,,,,,, 
,,,,,, 
,,,,,, 
,,,,,, 
,,,,,, 
,,,,,, 
,,,,,, 
,,,,,, 
,,,,,, 
,,,,,, 
,,,,,, 
,,,,,, 
,,,,,, 
,,,,,, 
,,,,,, 
,,,,,, 
,,,,,, 
,,,,,, 
,,,,,, 
,,,,,, 
,,,,,, 
,,,,,, 
,,,,,, 
,,,,,, 
,,,,,, 
,,,,,, 
,,,,,, 
,,,,,, 
,,,,,, 
,,,,,, 
,,,,,, 
,,,,,, 
,,,,,, 
,,,,,, 
,,,,,, 
,,,,,, 
,,,,,, 
,,,,,, 
,,,,,, 
,,,,,, 
,,,,,, 
,,,,,, 
,,,,,, 
,,,,,, 
,,,,,, 
,,,,,, 
,,,,,, 
,,,,,, 
,,,,,, 
,,,,,, 
,,,,,, 
,,,,,, 
,,,,,, 
,,,,,, 
,,,,,, 
,,,,,, 
,,,,,, 
,,,,,, 
,,,,,, 
,,,,,, 
,,,,,, 
,,,,,, 
,,,,,, 
,,,,,, 
,,,,,, 
,,,,,, 
,,,,,, 
,,,,,, 
,,,,,, 
,,,,,, 
,,,,,, 
,,,,,, 
,,,,,, 
,,,,,, 
,,,,,, 
,,,,,, 
,,,,,, 
,,,,,, 
,,,,,, 
,,,,,, 
,,,,,, 
,,,,,, 
,,,,,, 
,,,,,, 
,,,,,, 
,,,,,, 
,,,,,, 
,,,,,, 
,,,,,, 
,,,,,, 
,,,,,, 
,,,,,, 
,,,,,, 
,,,,,, 
,,,,,, 
,,,,,, 
,,,,,, 
,,,,,, 
,,,,,, 
,,,,,, 
,,,,,, 
,,,,,, 
,,,,,, 
,,,,,, 
,,,,,, 
,,,,,, 
,,,,,, 
,,,,,, 
,,,,,, 
,,,,,, 
,,,,,, 
,,,,,, 
,,,,,, 
,,,,,, 
,,,,,, 
,,,,,, 
,,,,,, 
,,,,,, 
,,,,,, 
,,,,,, 
,,,,,, 
,,,,,, 
,,,,,, 
,,,,,, 
,,,,,, 
,,,,,, 
,,,,,, 
,,,,,, 
,,,,,, 
,,,,,, 
,,,,,, 
,,,,,, 
,,,,,, 
,,,,,, 
,,,,,, 
,,,,,, 
,,,,,, 
,,,,,, 
,,,,,, 
,,,,,, 
,,,,,, 
,,,,,, 
,,,,,, 
,,,,,, 
,,,,,, 
,,,,,, 
,,,,,, 
,,,,,, 
,,,,,, 
,,,,,, 
,,,,,, 
,,,,,, 
,,,,,, 
,,,,,, 
,,,,,, 
,,,,,, 
,,,,,, 
,,,,,, 
,,,,,, 
,,,,,, 
,,,,,, 
,,,,,, 
,,,,,, 
,,,,,, 
,,,,,, 
,,,,,, 
,,,,,, 
,,,,,, 
,,,,,, 
,,,,,, 
,,,,,, 
,,,,,, 
,,,,,, 
,,,,,, 
,,,,,, 
,,,,,, 
,,,,,, 
,,,,,, 
,,,,,, 
,,,,,, 
,,,,,, 
,,,,,, 
,,,,,, 
,,,,,, 
,,,,,, 
,,,,,, 
,,,,,, 
,,,,,, 
,,,,,, 
,,,,,, 
,,,,,, 
,,,,,, 
,,,,,, 
,,,,,, 
,,,,,, 
,,,,,, 
,,,,,, 
,,,,,, 
,,,,,, 
,,,,,, 
,,,,,, 
,,,,,, 
,,,,,, 
,,,,,, 
,,,,,, 
,,,,,, 
,,,,,, 
,,,,,, 
,,,,,, 
,,,,,, 
,,,,,, 
,,,,,, 
,,,,,, 
,,,,,, 
,,,,,, 
,,,,,, 
,,,,,, 
,,,,,, 
,,,,,, 
,,,,,, 
,,,,,, 
,,,,,, 
,,,,,, 
,,,,,, 
,,,,,, 
,,,,,, 
,,,,,, 
,,,,,, 
,,,,,, 
,,,,,, 
,,,,,, 
,,,,,, 
,,,,,, 
,,,,,, 
,,,,,, 
,,,,,, 
,,,,,, 
,,,,,, 
,,,,,, 
,,,,,, 
,,,,,, 
,,,,,, 
,,,,,, 
,,,,,, 
,,,,,, 
,,,,,, 
,,,,,, 
,,,,,, 
,,,,,, 
,,,,,, 
,,,,,, 
,,,,,, 
,,,,,, 
,,,,,, 
,,,,,, 
,,,,,, 
,,,,,, 
,,,,,, 
,,,,,, 
,,,,,, 
,,,,,, 
,,,,,, 
,,,,,, 
,,,,,, 
,,,,,, 
,,,,,, 
,,,,,, 
,,,,,, 
,,,,,, 
,,,,,, 
,,,,,, 
,,,,,, 
,,,,,, 
,,,,,, 
,,,,,, 
,,,,,, 
,,,,,, 
,,,,,, 
,,,,,, 
,,,,,, 
,,,,,, 
,,,,,, 
,,,,,, 
,,,,,, 
,,,,,, 
,,,,,, 
,,,,,, 
,,,,,, 
,,,,,, 
,,,,,, 
,,,,,, 
,,,,,, 
,,,,,, 
,,,,,, 
,,,,,, 
,,,,,, 
,,,,,, 
,,,,,, 
,,,,,, 
,,,,,, 
,,,,,, 
,,,,,, 
,,,,,, 
,,,,,, 
,,,,,, 
,,,,,, 
,,,,,, 
,,,,,, 
,,,,,, 
,,,,,, 
,,,,,, 
,,,,,, 
,,,,,, 
,,,,,, 
,,,,,, 
,,,,,, 
,,,,,, 
,,,,,, 
,,,,,, 
,,,,,, 
,,,,,, 
,,,,,, 
,,,,,, 
,,,,,, 
,,,,,, 
,,,,,, 
,,,,,, 
,,,,,, 
,,,,,, 
,,,,,, 
,,,,,, 
,,,,,, 
,,,,,, 
,,,,,, 
,,,,,, 
,,,,,, 
131.82772,33.24694,,,,, 
131.82766,33.24693,,,,, 
131.8276,33.24693,,,,, 
131.82756,33.24691,,,,, 
131.82752,33.24689,,,,, 
131.82751,33.24687,,,,, 
131.82749,33.24686,,,,, 
131.82748,33.24684,,,,, 
131.82693,33.24684,,,,, 
131.82676,33.24682,,,,, 
131.82667,33.24679,,,,, 
131.8265,33.24673,,,,, 
131.82635,33.24664,,,,, 
131.82627,33.24659,,,,, 
131.82618,33.24655,,,,, 
131.82594,33.24641,,,,, 
131.82577,33.24633,,,,, 
131.82563,33.24629,,,,, 
131.82557,33.24629,,,,, 
131.82546,33.24629,,,,, 
131.82533,33.24628,,,,, 
131.82539,33.24628,,,,, 
131.82511,33.24629,,,,, 
131.82493,33.24634,,,,, 
131.82487,33.24636,,,,, 
131.82473,33.24641,,,,, 
131.82435,33.24652,,,,, 
131.82415,33.24656,,,,, 
131.82435,33.24652,,,,, 
131.82405,33.24657,,,,, 
131.82359,33.24646,,,,, 
131.82337,33.24636,,,,, 
131.82315,33.24625,,,,, 
131.8229,33.24615,,,,, 
131.82278,33.2461,,,,, 
131.82254,33.24602,,,,, 
131.82229,33.24597,,,,, 
131.82217,33.24596,,,,, 
131.82167,33.24593,,,,, 
131.82138,33.24591,,,,, 
131.82124,33.2459,,,,, 
131.8211,33.24589,,,,, 
131.82096,33.24588,,,,, 
131.82054,33.24584,,,,, 
131.82029,33.24576,,,,, 
131.81959,33.24547,,,,, 
131.81919,33.24547,,,,, 
131.81893,33.24552,,,,, 
131.81867,33.24555,,,,, 
131.81842,33.24552,,,,, 
131.81816,33.24545,,,,, 
131.81776,33.2453,,,,, 
131.81752,33.24519,,,,, 
131.81739,33.24514,,,,, 
131.81716,33.24505,,,,, 
131.81706,33.24501,,,,, 
131.81681,33.24493,,,,, 
131.81646,33.24484,,,,, 
131.81593,33.24478,,,,, 
131.81553,33.24473,,,,, 
131.81526,33.24468,,,,, 
131.81443,33.24446,,,,, 
131.81431,33.24442,,,,, 
131.81417,33.24438,,,,, 
131.81353,33.24419,,,,, 
131.81329,33.24409,,,,, 
131.81304,33.24399,,,,, 
131.81294,33.24393,,,,, 
131.81282,33.24388,,,,, 
131.81269,33.24382,,,,, 
131.81259,33.24376,,,,, 
131.81234,33.24365,,,,, 
131.81222,33.24359,,,,, 
131.8121,33.24353,,,,, 
131.81198,33.24348,,,,, 
131.81172,33.24338,,,,, 
131.81135,33.24324,,,,, 
131.81111,33.24315,,,,, 
131.81086,33.24306,,,,, 
131.81074,33.24302,,,,, 
131.8106,33.24298,,,,, 
131.81048,33.24293,,,,, 
131.8101,33.2428,,,,, 
131.80986,33.24271,,,,, 
131.80973,33.24267,,,,, 
131.80961,33.24263,,,,, 
131.80949,33.24258,,,,, 
131.80924,33.2425,,,,, 
131.80902,33.24242,,,,, 
131.80879,33.24231,,,,, 
131.80868,33.24225,,,,, 
131.80848,33.24213,,,,, 
131.80838,33.24206,,,,, 
131.80827,33.242,,,,, 
131.80781,33.24175,,,,, 
131.80754,33.24167,,,,, 
131.80738,33.24164,,,,, 
131.80665,33.24158,,,,, 
131.80619,33.24154,,,,, 
131.80604,33.24152,,,,, 
131.80545,33.24146,,,,, 
131.80529,33.24144,,,,, 
131.80484,33.24139,,,,, 
131.80455,33.24135,,,,, 
131.80439,33.24134,,,,, 
131.80426,33.24132,,,,, 
131.8041,33.24131,,,,, 
131.8041,33.24131,,,,, 
131.8038,33.24127,,,,, 
131.80335,33.24122,,,,, 
131.80308,33.24116,,,,, 
131.80294,33.24111,,,,, 
131.80282,33.24106,,,,, 
131.80261,33.24093,,,,, 
131.80252,33.24086,,,,, 
131.8022,33.24054,,,,, 
131.80204,33.24039,,,,, 
131.80198,33.24031,,,,, 
131.80192,33.24024,,,,, 
131.80184,33.24016,,,,, 
131.80178,33.24009,,,,, 
131.80165,33.23995,,,,, 
131.80157,33.23989,,,,, 
131.80149,33.23983,,,,, 
131.80133,33.23973,,,,, 
131.80116,33.23963,,,,, 
131.80105,33.23959,,,,, 
131.80085,33.2395,,,,, 
131.80038,33.23928,,,,, 
131.80026,33.23922,,,,, 
131.80014,33.23916,,,,, 
131.79977,33.23898,,,,, 
131.79966,33.23891,,,,, 
131.79954,33.23885,,,,, 
131.79942,33.23878,,,,, 
131.7993,33.23872,,,,, 
131.79882,33.23848,,,,, 
131.79858,33.23838,,,,, 
131.79833,33.23831,,,,, 
131.79792,33.23828,,,,, 
131.79763,33.2383,,,,, 
131.79751,33.23833,,,,, 
131.79739,33.23836,,,,, 
131.79718,33.23844,,,,, 
131.7971,33.23848,,,,, 
131.79698,33.23854,,,,, 
131.79698,33.23855,,,,, 
131.79698,33.23855,,,,, 
131.79698,33.23855,,,,, 
131.79698,33.23855,,,,, 
131.79698,33.23855,,,,, 
131.79698,33.23855,,,,, 
131.79693,33.23857,,,,, 
131.79661,33.23871,,,,, 
131.79536,33.23914,,,,, 
131.79524,33.23917,,,,, 
131.79499,33.23922,,,,, 
131.79475,33.23928,,,,, 
131.79463,33.2393,,,,, 
131.79449,33.23933,,,,, 
131.79435,33.23935,,,,, 
131.79393,33.23944,,,,, 
131.79322,33.23958,,,,, 
131.79269,33.23968,,,,, 
131.79243,33.23972,,,,, 
131.79229,33.23974,,,,, 
131.79216,33.23976,,,,, 
131.79174,33.23984,,,,, 
131.79161,33.23987,,,,, 
131.79119,33.23994,,,,, 
131.79106,33.23996,,,,, 
131.7909,33.23997,,,,, 
131.79077,33.23998,,,,, 
131.79048,33.23997,,,,, 
131.79003,33.23994,,,,, 
131.78988,33.23992,,,,, 
131.78961,33.2399,,,,, 
131.78945,33.23988,,,,, 
131.78903,33.23983,,,,, 
131.78889,33.23981,,,,, 
131.78875,33.2398,,,,, 
131.78861,33.23978,,,,, 
131.78836,33.23975,,,,, 
131.7881,33.23972,,,,, 
131.78773,33.23968,,,,, 
131.78759,33.23967,,,,, 
131.78747,33.23965,,,,, 
131.7872,33.23962,,,,, 
131.78706,33.2396,,,,, 
131.78651,33.23954,,,,, 
131.78611,33.2395,,,,, 
131.78569,33.23945,,,,, 
131.78524,33.23945,,,,, 
131.78404,33.23946,,,,, 
131.78392,33.23944,,,,, 
131.78366,33.23936,,,,, 
131.78353,33.23931,,,,, 
131.78317,33.23915,,,,, 
131.78292,33.23906,,,,, 
131.78292,33.23906,,,,, 
131.78268,33.239,,,,, 
131.78254,33.23899,,,,, 
131.7824,33.23898,,,,, 
131.78202,33.23897,,,,, 
131.78189,33.23897,,,,, 
131.78176,33.23897,,,,, 
131.78163,33.23896,,,,, 
131.78138,33.23896,,,,, 
131.78125,33.23896,,,,, 
131.78112,33.23896,,,,, 
131.78099,33.23896,,,,, 
131.7806,33.23895,,,,, 
131.78047,33.23895,,,,, 
131.78034,33.23895,,,,, 
131.7798,33.23892,,,,, 
131.77964,33.2389,,,,, 
131.77949,33.23886,,,,, 
131.77935,33.23882,,,,, 
131.77893,33.23864,,,,, 
131.77893,33.23864,,,,, 
131.77836,33.23825,,,,, 
131.77827,33.23816,,,,, 
131.77799,33.23791,,,,, 
131.7777,33.23765,,,,, 
131.77752,33.2375,,,,, 
131.77743,33.23741,,,,, 
131.77734,33.23733,,,,, 
131.77706,33.2371,,,,, 
131.77697,33.23701,,,,, 
131.7769,33.23693,,,,, 
131.7769,33.23693,,,,, 
131.77673,33.23677,,,,, 
131.77664,33.23669,,,,, 
0.21667,33.23662,,,,, 
131.77645,33.23654,,,,, 
131.77616,33.23631,,,,, 
131.77597,33.23617,,,,, 
131.77575,33.23606,,,,, 
131.77565,33.23601,,,,, 
131.77554,33.23596,,,,, 
131.77516,33.23583,,,,, 
131.77503,33.2358,,,,, 
1.51667,33.2357,,,,, 
131.77407,33.23569,,,,, 
131.77391,33.23569,,,,, 
131.77372,33.2357,,,,, 
131.77354,33.23572,,,,, 
131.77302,33.23584,,,,, 
131.77285,33.23589,,,,, 
131.77252,33.23602,,,,, 
131.7722,33.23614,,,,, 
131.77203,33.23621,,,,, 
131.77186,33.23627,,,,, 
131.77154,33.2364,,,,, 
131.7712,33.23652,,,,, 
131.77105,33.23658,,,,, 
131.77038,33.23683,,,,, 
131.77005,33.23696,,,,, 
131.76989,33.23703,,,,, 
131.7694,33.23718,,,,, 
131.76925,33.23722,,,,, 
131.76892,33.23727,,,,, 
131.76856,33.23729,,,,, 
131.76768,33.2372,,,,, 
131.76704,33.23699,,,,, 
131.76675,33.23687,,,,, 
131.76614,33.23664,,,,, 
131.76599,33.23659,,,,, 
131.76583,33.23653,,,,, 
131.76553,33.23642,,,,, 
131.76524,33.23631,,,,, 
131.76493,33.2362,,,,, 
131.76478,33.23614,,,,, 
131.76448,33.23603,,,,, 
131.76432,33.23597,,,,, 
131.7639,33.23581,,,,, 
131.76361,33.23571,,,,, 
131.76345,33.23567,,,,, 
131.76332,33.23562,,,,, 
131.76316,33.23558,,,,, 
131.76301,33.23553,,,,, 
131.76239,33.23537,,,,, 
131.76223,33.23534,,,,, 
131.7621,33.2353,,,,, 
131.76196,33.23527,,,,, 
131.76182,33.23524,,,,, 
131.76168,33.23522,,,,, 
131.76141,33.23517,,,,, 
131.76127,33.23516,,,,, 
131.76113,33.23514,,,,, 
131.761,33.23512,,,,, 
131.76086,33.23511,,,,, 
131.76074,33.23509,,,,, 
131.7606,33.23508,,,,, 
131.76046,33.23507,,,,, 
131.76019,33.23506,,,,, 
131.76005,33.23506,,,,, 
131.75978,33.23506,,,,, 
131.75965,33.23506,,,,, 
131.75819,33.23508,,,,, 
131.75805,33.23508,,,,, 
131.75793,33.23508,,,,, 
131.75779,33.23508,,,,, 
131.7574,33.23509,,,,, 
131.75726,33.23509,,,,, 
131.75712,33.23509,,,,, 
131.75698,33.2351,,,,, 
131.75686,33.2351,,,,, 
131.75659,33.23511,,,,, 
131.75643,33.23511,,,,, 
131.75616,33.23511,,,,, 
131.75604,33.23512,,,,, 
131.75592,33.23512,,,,, 
131.75566,33.23513,,,,, 
131.75541,33.23513,,,,, 
131.75529,33.23513,,,,, 
131.75517,33.23513,,,,, 
131.75505,33.23513,,,,, 
131.75479,33.23513,,,,, 
131.75466,33.23513,,,,, 
131.75453,33.23513,,,,, 
131.75439,33.23514,,,,, 
131.75425,33.23514,,,,, 
131.75411,33.23514,,,,, 
131.75398,33.23514,,,,, 
131.75398,33.23514,,,,, 
131.75338,33.23515,,,,, 
131.75294,33.23515,,,,, 
131.75279,33.23515,,,,, 
131.75265,33.23516,,,,, 
131.7525,33.23516,,,,, 
131.75221,33.23516,,,,, 
131.75192,33.23516,,,,, 
131.75163,33.23516,,,,, 
131.75148,33.23516,,,,, 
131.75103,33.23517,,,,, 
131.75088,33.23517,,,,, 
131.75041,33.23517,,,,, 
131.75024,33.23517,,,,, 
131.74957,33.23518,,,,, 
131.7494,33.23518,,,,, 
131.74923,33.23518,,,,, 
131.74906,33.23519,,,,, 
131.74871,33.23519,,,,, 
131.74855,33.2352,,,,, 
131.74838,33.2352,,,,, 
131.74804,33.23521,,,,, 
131.74771,33.23523,,,,, 
131.74755,33.23516,,,,, 
131.74754,33.23511,,,,, 
131.74755,33.23492,,,,, 
131.74755,33.23479,,,,, 
131.74755,33.23473,,,,, 
131.74755,33.23466,,,,, 
131.74746,33.23444,,,,, 
131.74745,33.23444,,,,, 
131.74745,33.23444,,,,, 
131.74745,33.23445,,,,, 
131.74743,33.23445,,,,, 
131.7474,33.23445,,,,, 
131.74734,33.23445,,,,, 
131.7471,33.23444,,,,, 
131.74703,33.23444,,,,, 
131.74699,33.23445,,,,, 
131.74691,33.23463,,,,, 
131.7469,33.23476,,,,, 
131.74691,33.23491,,,,, 
131.74691,33.23506,,,,, 
131.74691,33.23514,,,,, 
131.74691,33.23527,,,,, 
131.7469,33.23531,,,,, 
131.74688,33.23532,,,,, 
131.74674,33.23535,,,,, 
131.74659,33.23538,,,,, 
131.7465,33.2354,,,,, 
131.74641,33.23542,,,,, 
